Tipo_de_identificaci√≥n_del_usuario,Numero_de_Identificacion,Primer_apellido_del_usuario,Segundo_apellido_del_usuario,Primer_nombre_del_usuario,Segundo_nombre_del_usuario,Fecha_de_Nacimiento,Sexo,Edad,PESO,ciudad
CC,1010126234111,BETANCUR,ACEVEDO,JUAN,CAMILO,"2000-07-15 00:00:00",M,22,70,BOG-01
CC,24992645222,MUOZ,GIRALDO,HECTOR,FABIO,"1971-06-16 00:00:00",M,51,83,CAL-02
CC,11129992622333,AGUDELO,ESPINOSA,NONE,YULIANA,"1998-10-16 00:00:00",F,24,46,MED-03
CC,2588692444,RODAS,JARAMILLO,JAIRO,JESUS,"1960-05-08 00:00:00",M,62,62,MZL-04
CC,291589949555,PINEDA,GOMEZ,LUZ,AMPARO,"1979-07-07 00:00:00",F,43,52,ARM-05
CC,314252499666,CEBALLOS,OROZCO,LUDIVIA,JESUS,"1976-05-02 00:00:00",F,46,57,CTN-06
CC,111299998641777,CARDONA,BARON,NONE,NATHALIA,"1993-04-11 00:00:00",F,29,53.7,SMT-07
CC,109999199018888,RODRIGUEZ,MOSQUERA,NONE,DANIELA,"1998-10-15 00:00:00",F,24,77,BOG-01
CC,14466812999,VELASQUEZ,MARULANDA,CARLOS,ANDRES,"1982-09-03 00:00:00",M,40,68,CAL-02
CC,31395025101010,AGUDELO,RIOS,LUZ,MARY,"1952-05-25 00:00:00",F,70,68,MED-03
CC,31420060111111,CEFERINO,NULL,GLORIA,PATRICIA,"1972-09-30 00:00:00",F,50,51.7,MZL-04
CC,111299825990121212,SANCHEZ,ACEVEDO,AIDA,YINED,"1994-08-13 00:00:00",F,28,70,ARM-05
CC,1456999994131313,HERNANDEZ,GIRALDO,CRISTIAN,EDUARDO,"1984-01-31 00:00:00",M,39,82,CTN-06
CC,314084996141414,GRAJALES,VASQUEZ,NONE,EDISNERT,"1961-10-30 00:00:00",F,61,74,SMT-07
CC,11129984180151515,GAVIRIA,GIRALDO,JHON,ALEJANDRO,"1995-02-06 00:00:00",M,28,77,BOG-01
CC,314399052161616,MOLINA,DUQUE,INES,LORENA,"1985-12-06 00:00:00",F,37,87,CAL-02
CC,1006246348171717,ESQUIVEL,MESA,NONE,MARBEL,"1998-01-03 00:00:00",F,25,79,MED-03
CC,3139549999181818,MARTINEZ,HINCAPIE,ANA,LUCIA,"1953-06-24 00:00:00",F,69,56.9,MZL-04
CC,29392448191919,ARISTIZABAL,"DE RODAS",MARIA,MARGARITA,"1951-01-05 00:00:00",F,72,60,ARM-05
CC,31420411202020,RODAS,ARISTIZABAL,MARIA,YANETH,"1973-10-22 00:00:00",F,49,85,CTN-06
CC,10062464990212121,AGUIRRE,HORTEGA,NONE,ANDRES,"1993-10-28 00:00:00",M,29,86,SMT-07
CC,11161322099222222,PATIO,GIRALDO,NONE,ALEJANDRO,"1994-09-19 00:00:00",M,28,70,BOG-02
CC,10996351415232323,RODRIGUEZ,MARIN,NONE,MARILUZ,"1990-07-07 00:00:00",F,32,72.3,CAL-03
CC,1006319539242424,LOPEZ,LIZALDA,NONE,VALERIA,"2002-01-01 00:00:00",F,21,67.8,MED-04
CC,1112999988991252525,CORREA,GALVIS,ANA,MARIA,"1993-05-08 00:00:00",F,29,80,MZL-05
CC,11129980385262626,HENAO,ECHEVERRI,MONICA,YIRLEY,"1993-11-13 00:00:00",F,29,65,ARM-06
CC,1006245898272727,ARANGO,OSPINA,LADY,MAYERLI,"2001-11-06 00:00:00",F,21,91,CTN-07
CC,16223169282828,HURTADO,ALVARADO,JOSE,JAMES,"1968-02-23 00:00:00",M,55,60,SMT-08
CC,62412999292929,MEDINA,JURADO,JORGE,EDUARDO,"1980-06-11 00:00:00",M,42,78,BOG-03
CC,10190312303030,JIMENEZ,NULL,BENJAMIN,ANTONIO,"1946-03-08 00:00:00",M,77,64,CAL-04
CC,1622993990313131,LONDOO,RAMIREZ,JUAN,GUILLERMO,"1972-12-12 00:00:00",M,50,67,MED-05
CC,314269960323232,ORTIZ,MONTOYA,PAULA,ANDREA,"1978-09-04 00:00:00",F,44,55.6,MZL-06
CC,1622998998333333,MORA,VARELA,CARLOS,MARIO,"1972-11-24 00:00:00",M,50,95,ARM-07
CC,29462520343434,FRANCO,"DE DUQUE",NONE,MARIA,"1952-06-03 00:00:00",F,70,62,CTN-08
CC,10230199900353535,VASQUEZ,MUOZ,NONE,DANIELA,"1997-03-06 00:00:00",F,26,54,SMT-09
CC,11129958804363636,CALDAS,NULL,NONE,ALEXANDER,"1986-05-29 00:00:00",M,36,53,BOG-04
CC,1113641995373737,CHANTRE,SANCHEZ,EDUARD,VICENTE,"1989-10-12 00:00:00",M,33,77,CAL-05
CC,16206342383838,GUEVARA,PARRA,ALVARO,LUIS,"1954-07-09 00:00:00",M,68,58,MED-06
CC,16215192393939,QUINTERO,ESCALANTE,JORGE,HERNANDO,"1962-06-11 00:00:00",M,60,87,MZL-07
CC,251931998404040,RESTREPO,DURANGO,BLANCA,LIGIA,"1963-09-12 00:00:00",F,59,71,ARM-08
CC,10983099543414141,ALARCON,LOAIZA,SIGRID,MARCELA,"1988-08-15 00:00:00",F,34,63,CTN-09
CC,111299992930424242,CASTAO,MOSQUERA,ERIKA,YURANY,"1991-04-09 00:00:00",F,31,63,SMT-10
CC,42023324434343,GALEANO,MORENO,MIRELIA,JESUS,"1965-05-30 00:00:00",F,57,61.7,BOG-05
CC,11129966293444444,HERNANDEZ,AGUDELO,HEIDY,VANESSA,"1988-10-31 00:00:00",F,34,66,CAL-06
CC,2915899991454545,GOMEZ,TORO,MARIA,CONSUELO,"1969-10-09 00:00:00",F,53,66,MED-07
CC,11440553990464646,ABADIA,JORDAN,NONE,ESTEFANY,"1992-07-29 00:00:00",F,30,87,MZL-08
CC,33819225474747,ORJUELA,NULL,SANDRA,MILENA,"1979-05-09 00:00:00",F,43,72,ARM-09
CC,10299961325484848,LOZANO,VALENCIA,CINDY,CAROLINA,"1989-04-11 00:00:00",F,33,53.5,CTN-10
CC,294990188494949,CRUZ,"DE NIETO",SILVIA,ROSA,"1937-04-18 00:00:00",F,85,65,SMT-11
CC,291995596505050,GIRALDO,MOLINA,NONE,MARIELA,"1962-01-15 00:00:00",F,61,70,BOG-06
CC,314319911515151,CASTAO,GIRALDO,LINA,MARCELA,"1982-06-06 00:00:00",F,40,46,CAL-07
CC,93136419525252,VANEGAS,MURILLO,NONE,MARTIN,"1981-06-23 00:00:00",M,41,71,MED-08
CC,31431164535353,USMA,GARCIA,JOHANA,XIMENA,"1980-11-02 00:00:00",F,42,70,MZL-09
CC,111299694992545454,CIFUENTES,CARDOZO,ANGIE,LORENA,"1989-12-25 00:00:00",F,33,62,ARM-10
CC,31402949555555,AGUDELO,NAVARRO,GLADYS,ELENA,"1961-08-06 00:00:00",F,61,58,CTN-11
CC,11129989228565656,GONZALEZ,DAZA,AURA,MARIA,"1997-02-25 00:00:00",F,26,59,SMT-12
CE,10994202575757,GONZALEZ,PEATE,ERIKA,MAGDALENA,"1987-06-27 00:00:00",F,35,78,BOG-07
CC,314229949585858,GALLON,MUOZ,NONE,IDALBA,"1974-07-21 00:00:00",F,48,84,CAL-08
CC,11162399419595959,SANCHEZ,QUIROGA,NONE,LORENA,"1987-05-16 00:00:00",F,35,64,MED-09
CC,16229483606060,LIZALDA,MURILLO,MANUEL,JESUS,"1973-04-10 00:00:00",M,49,51,MZL-10
CC,6119625616161,SOTO,JIMENEZ,LUIS,ALBERTO,"1984-11-15 00:00:00",M,38,136.7,ARM-11
CC,1004519243626262,HERRERA,CAAVERAL,ANA,SOFIA,"2001-06-15 00:00:00",F,21,85,CTN-12
CC,1006319149636363,SUAREZ,FIGUEROA,DAIRO,ESTEBAN,"2002-05-07 00:00:00",M,20,88,SMT-13
CC,1006319321646464,OCHOA,AGUIRRE,NONE,XIMENA,"2002-06-11 00:00:00",F,20,86,BOG-08
CC,162339990656565,QUICENO,MONCADA,"ANDRES ",JUAN,"1978-10-05 00:00:00",M,44,69,CAL-09
CC,16234294666666,GOMEZ,GUZMAN,JESUS,ELIECER,"1978-12-06 00:00:00",M,44,73,MED-10
CC,11129992018676767,AGUDELO,GUTIERREZ,NONE,DANIELA,"1998-07-07 00:00:00",F,24,78,MZL-11
CC,51593163686868,RIVAS,SOTO,LUZ,INES,"1960-10-26 00:00:00",F,62,69.7,ARM-12
CC,293998425696969,GARAVITO,"DE GUEVARA",NONE,AMPARO,"1942-09-14 00:00:00",F,80,75,CTN-13
CC,94351229707070,ROJAS,CORREA,LUIS,ALBERTO,"1977-05-22 00:00:00",M,45,78,SMT-14
CC,16211641717171,AGUDELO,NAVARRO,MARIO,JESUS,"1960-01-12 00:00:00",M,63,84,BOG-09
CC,100109869999727272,DURAN,RUGE,NONE,ESTEPHANIA,"2002-07-08 00:00:00",F,20,80.6,CAL-10
CC,11129965264737373,GOMEZ,VARGAS,SANDRA,MILENA,"1988-07-02 00:00:00",F,34,66,MED-11
CC,11129965949747474,PALACIO,ATEHORTUA,LUZ,STELLA,"1988-12-13 00:00:00",F,34,68.7,MZL-12
CC,111299992663757575,CASTAO,NULL,LUISA,FERNANDA,"1991-01-16 00:00:00",F,32,85,ARM-13
CC,11129999609999767676,VARGAS,VARELA,VICTOR,DAVID,"1992-05-05 00:00:00",M,30,92,CTN-14
CC,1006294246777777,PEREZ,JARAMILLO,MARIA,ALEJANDRA,"1993-03-03 00:00:00",F,30,50,SMT-15
CC,10862998063787878,ACEVEDO,ARBOLEDA,ANYILES,LILIAN,"1986-05-31 00:00:00",F,36,61,BOG-10
CC,11129989944797979,LONDOO,POSADA,SINDY,MARCELA,"1997-07-30 00:00:00",F,25,57,CAL-11
CC,1126602051808080,HERNANDEZ,GUTIERREZ,NONE,YERALDIN,"1991-11-04 00:00:00",F,31,118,MED-12
CC,10452399020818181,PADILLA,UTRIA,FRANCISCO,ALBERTO,"1993-04-24 00:00:00",M,29,64,MZL-13
CC,313983399828282,ROMAN,HINCAPIE,LUZ,MARINA,"1955-10-17 00:00:00",F,67,57,ARM-14
CC,11129985958838383,SANCHEZ,MARTINEZ,CARLOS,ALBERTO,"1995-11-01 00:00:00",M,27,70.2,CTN-15
CC,1006316183848484,RODRIGUEZ,QUINTERO,NONE,ESTEFANY,"1996-08-26 00:00:00",F,26,73,SMT-16
CC,10063159945858585,TAMAYO,DURAN,SANDRA,MILENA,"2001-02-22 00:00:00",F,22,80,BOG-11
CC,1113593621868686,RODRIGUEZ,GUTIERREZ,ALVARO,JAVIER,"1989-07-21 00:00:00",M,33,60,CAL-12
CC,108829955996878787,AGUDELO,TORRES,LEIDY,BIVIANA,"1989-07-03 00:00:00",F,33,64.5,MED-13
CC,38900645888888,VANEGAS,DIAZ,MARIA,MERCEDES,"1955-12-08 00:00:00",F,67,49.7,MZL-14
CC,11129959990898989,TORDECILLA,SUAREZ,OSCAR,NEY,"1986-11-01 00:00:00",M,36,90,ARM-05
CC,29159066909090,FLOREZ,MORALES,LEIDY,JOHANNA,"1980-09-17 00:00:00",F,42,67,CTN-06
CC,1118298183919191,GARCIA,VALDES,NONE,DANIELA,"1992-05-25 00:00:00",F,30,59,SMT-07
CC,293825999929292,ALVAREZ,SANCHEZ,CIELO,DISNARDA,"1946-09-08 00:00:00",F,76,61.6,ARM-06
CC,162049934939393,PATIO,SALAZAR,NONE,ARGEMIRO,"1952-09-26 00:00:00",M,70,73.3,CTN-07
CC,31412846949494,VASQUEZ,PORRAS,NONE,LIBIA,"1964-06-04 00:00:00",F,58,79,SMT-08
CC,186069948959595,BALLESTEROS,ATEHORTUA,"JORGE ",ELIECER,"1974-11-05 00:00:00",M,48,66,ARM-07
CC,11129981169969696,GALLEGO,SERNA,NONE,DANIELA,"1994-02-19 00:00:00",F,29,54,CTN-08
CC,31423915979797,VASQUEZ,CASTAO,"DORA ",MILENA,"1976-11-23 00:00:00",F,46,58,SMT-09
CC,45195998989898,VELEZ,CASTRO,"WILLIAM ",HUMBERTO,"1984-10-13 00:00:00",M,38,103,ARM-08
CC,29156951999999,GOMEZ,SALAZAR,NONE,MAGNOLIA,"1969-12-28 00:00:00",F,53,64,CTN-09
CC,24991401100100100,LEON,ORTIZ,"WILLIAM ",JESUS,"1965-05-03 00:00:00",M,57,87.8,SMT-10
CC,11162998212101101101,CARDENAS,GONZALEZ,NONE,SARAI,"1998-02-11 00:00:00",F,25,73,ARM-09
CC,16210083102102102,ROJAS,FRANCO,"JAIME ",ENRIQUE,"1957-12-24 00:00:00",M,65,77,CTN-10
CC,111299996100103103103,ROMAN,CORTES,"LEIDY ",JOHANA,"1992-05-04 00:00:00",F,30,108,SMT-11
CC,109999198480104104104,PEALOZA,NULL,"DIANA ",MARIA,"1988-03-07 00:00:00",F,35,67,ARM-10
CC,1639999931105105105,PATIO,RENGIFO,NONE,ALEJANDRO,"1984-05-24 00:00:00",M,38,91.2,CTN-11
CC,11129959588106106106,GARCIA,VALENCIA,"WILSON ",ARBEY,"1986-03-11 00:00:00",M,37,77,SMT-12
CC,94350540107107107,MONSALVE,GOMEZ,NONE,FABIAN,"1969-08-08 00:00:00",M,53,73.4,ARM-11
CC,11129994219108108108,CEBALLOS,GIRALDO,NONE,DANIELA,"1999-09-25 00:00:00",F,23,48.8,CTN-12
CC,42062326109109109,MURILLO,AYALA,NONE,CARMELINA,"1960-04-30 00:00:00",F,62,86,SMT-13
CC,39388163110110110,CAMPIO,FLOREZ,"CLAUDIA ",ELENA,"1979-09-28 00:00:00",F,43,68,ARM-12
CC,145992645111111111,SANCHEZ,ORTIZ,"LUIS ",ALBERTO,"1984-04-18 00:00:00",M,38,60,CTN-13
CC,26996680112112112,HERNANDEZ,GUTIERREZ,"MARIANO ",ANTONIO,"1948-01-18 00:00:00",M,75,68.2,SMT-14
CC,314250199113113113,VALENCIA,NULL,NONE,ADRIANA,"1976-07-19 00:00:00",F,46,69,ARM-13
CC,11129992111114114114,RAMIREZ,CASTRO,"JORGE ",ESTEBAN,"1998-07-28 00:00:00",M,24,66.2,CTN-14
CC,10049901131115115115,ASPRILLA,HURTADO,"YORMAN ",ORLIS,"2001-08-22 00:00:00",M,21,59.6,SMT-15
CC,52560544116116116,GARCIA,SOLER,"PIEDAD ",LEONOR,"1971-03-18 00:00:00",F,52,80,ARM-14
CC,31418496117117117,CANO,GALVIS,"MARIA ",EUGENIA,"1971-03-29 00:00:00",F,52,64.6,CTN-15
CC,1006322161118118118,CIFUENTES,MARTINEZ,"SERGIO ",FERNANDO,"2002-11-02 00:00:00",M,20,68.5,SMT-16
CC,145991351119119119,ACOSTA,"NO DEFINIDO","JULIAN ",FERNANDO,"1985-04-12 00:00:00",M,37,56,ARM-15
CC,3568928120120120,MORENO,LONDOO,"GUILLERMO ",LEON,"1962-10-29 00:00:00",M,60,62,CTN-16
CC,31405699121121121,ARENAS,LOPEZ,"LUZ ",MARINA,"1962-03-01 00:00:00",F,61,52,SMT-17
CC,168599289122122122,CERVERA,FLOREZ,"CARLOS ",ARMANDO,"1964-05-03 00:00:00",M,58,62.3,ARM-16
CC,999360360123123123,DIAZ,VARGAS,"HOOVER ",ENRIQUE,"1965-03-15 00:00:00",M,58,80,CTN-17
CC,961669954124124124,CADAVID,HERNANDEZ,"JOSE ",RODRIGO,"1971-03-03 00:00:00",M,52,60,SMT-18
CC,1019914029999125125125,MAJE,MENESES,"DIEGO ",FERNANDO,"1986-10-07 00:00:00",M,36,73,ARM-17
CC,31408206126126126,BALLESTEROS,GALVIS,"MARIA ",INES,"1965-04-11 00:00:00",F,57,56,CTN-18
CC,314006899127127127,OTALVARO,LOPEZ,NONE,RUBIELA,"1959-11-08 00:00:00",F,63,47,SMT-19
CC,31428609128128128,CORREA,MONTOYA,"CLAUDIA ",PATRICIA,"1978-10-14 00:00:00",F,44,61,ARM-18
CC,11140881899129129129,BUENO,MOSQUERA,"LUZ ",DANELLY,"1989-09-08 00:00:00",F,33,76,CTN-19
CC,421129990130130130,MARTINEZ,VASQUEZ,"MARTHA ",ISABEL,"1974-03-23 00:00:00",F,49,57,SMT-20
CC,144510991131131131,CIFUENTES,OSORIO,"HECTOR ",FABIO,"1953-05-18 00:00:00",M,69,59,ARM-19
CC,2939989935132132132,GARCIA,"DE BENJUMEA",NONE,MILVIA,"1942-06-10 00:00:00",F,80,62,CTN-20
CC,5311995099133133133,MORENO,OROZCO,"DIANA ",YULIETH,"1984-01-30 00:00:00",F,39,67.4,SMT-21
CC,24389411134134134,HERNANDEZ,ORTIZ,"LUZ ",MIRYAM,"1960-10-10 00:00:00",F,62,63,ARM-20
CC,29620909135135135,CARMONA,CASTAO,"MARIA ",NUBIA,"1955-08-27 00:00:00",F,67,93,CTN-21
CC,396499968136136136,CARDENAS,MEJIA,"SULMA ",YANET,"1967-12-18 00:00:00",F,55,65,SMT-22
CC,111299998549137137137,CARMONA,TABARES,"LUISA ",FERNANDA,"1993-04-02 00:00:00",F,29,59,ARM-21
CC,1114092113138138138,LONDOO,ACEVEDO,NONE,YORLENIS,"1991-10-22 00:00:00",F,31,54,CTN-22
CC,31418061139139139,MOLANO,FLOREZ,"GLORIA ",PATRICIA,"1970-10-05 00:00:00",F,52,88,SMT-23
CC,340002998140140140,AGUIRRE,AGUIRRE,NONE,OFIR,"1979-07-15 00:00:00",F,43,50,ARM-22
CC,100628949999141141141,VELEZ,QUINTERO,"FATIMA ",ELIANA,"2000-02-23 00:00:00",F,23,45,CTN-23
CC,1114094396142142142,OSORIO,MONCADA,"NUR ",CRISTINA,"1996-07-28 00:00:00",F,26,58,SMT-24
CC,298993341143143143,TABAREZ,SANCHEZ,"SANDRA ",MILENA,"1977-01-09 00:00:00",F,46,49,ARM-23
CC,314352399144144144,TABARES,CANO,"LUZ ",ADRIANA,"1984-07-15 00:00:00",F,38,53.8,CTN-24
CC,29159439145145145,MARIN,AMAYA,"GLORIA ",LILIANA,"1982-06-05 00:00:00",F,40,59.5,SMT-25
CC,25019299146146146,MORENO,GOMEZ,NONE,AMANDA,"1965-02-08 00:00:00",F,58,75,ARM-24
CC,11129966329147147147,ZAPATA,RIVERA,"CARLOS ",ARTURO,"1988-12-23 00:00:00",M,34,105,CTN-25
CC,31430922148148148,AGUDELO,NOREA,NONE,ANGELA,"1982-01-09 00:00:00",F,41,45,SMT-26
CC,86002309149149149,CIFUENTES,NULL,NONE,MARIO,"1962-09-27 00:00:00",M,60,70,ARM-25
CC,24996999982150150150,SANCHEZ,NULL,"DIANA ",MILENA,"1984-10-13 00:00:00",F,38,88.4,CTN-26
CC,16221163151151151,ADARBE,VILLA,"HECTOR ",MARIO,"1966-09-20 00:00:00",M,56,78,SMT-27
CC,29624082152152152,MEJIA,NULL,"AURA ",ROSA,"1974-11-13 00:00:00",F,48,64.8,ARM-26
CC,10862998825153153153,GOMEZ,RAMIREZ,"LINA ",MARCELA,"1990-03-31 00:00:00",F,33,70,CTN-27
CC,11129988062154154154,LONDOO,MONTOYA,"DAYHANNA ",MICHELL,"1996-09-03 00:00:00",F,26,109.9,SMT-28
CC,31411589155155155,DUQUE,LLANO,NONE,CECILIA,"1967-04-06 00:00:00",F,55,57,ARM-27
CC,22084512156156156,PALOMINO,QUINCHIA,"ANA ",JULIA,"1935-08-04 00:00:00",F,87,60,CTN-28
CC,31423032157157157,TEJADA,GIRALDO,"GLORIA ",YANIBIA,"1972-12-25 00:00:00",F,50,59.1,SMT-29
CC,201989903158158158,PACHON,NULL,"BLANCA ",CECILIA,"1938-09-14 00:00:00",F,84,64.7,ARM-28
CC,1114093546159159159,CORREA,PULGARIN,"JESSICA ",ANDREA,"1994-08-27 00:00:00",F,28,50,CTN-29
CC,111299999820160160160,PEREZ,RENDON,"JUAN ",CAMILO,"1993-08-31 00:00:00",M,29,91.7,SMT-30
CC,162059983161161161,RUIZ,VELEZ,"CARLOS ",ANCIZAR,"1954-03-16 00:00:00",M,69,81,ARM-29
CC,31435004162162162,JIMENEZ,BUSTAMANTE,"CLAUDIA ",PATRICIA,"1979-10-01 00:00:00",F,43,60,CTN-30
CC,2499599062163163163,OSORIO,OSORIO,"MARIA ",ESNEDA,"1960-05-16 00:00:00",F,62,79,SMT-31
CC,314213993164164164,MOSQUERA,GIL,"BLANCA ",RUBY,"1968-11-02 00:00:00",F,54,76.3,ARM-30
CC,1114093286165165165,SALGADO,OSPINA,"MARIA ",JULIETH,"1994-01-23 00:00:00",F,29,56,CTN-31
CC,65243199166166166,BURITICA,OSPINA,"JOSE ",NORBEY,"1960-12-04 00:00:00",M,62,76,SMT-32
CC,101183999167167167,RAIGOZA,ALVAREZ,"JOSE ",ISMO,"1963-11-30 00:00:00",M,59,53,ARM-31
CC,3999535999168168168,ACOSTA,GUEVARA,"CLAUDIA ",YANETH,"1969-06-10 00:00:00",F,53,67,CTN-32
CC,11129990392169169169,LEON,GUTIERREZ,"DENIZ ",MARSELA,"1997-10-15 00:00:00",F,25,61,SMT-33
CC,11150993695170170170,MURILLO,VELEZ,"YUNY ",MARCELA,"1989-10-13 00:00:00",F,33,61.2,ARM-32
CC,145699290171171171,TAMAYO,URREGO,"JUAN ",MANUEL,"1982-05-11 00:00:00",M,40,67,CTN-33
CC,29158228172172172,GIL,CASTAO,"DIANA ",SOFIA,"1975-11-15 00:00:00",F,47,71.7,SMT-34
CC,24994345173173173,GARCIA,ARBOLEDA,"CESAR ",AUGUSTO,"1980-05-21 00:00:00",M,42,76,ARM-33
CC,1002590958174174174,RIOS,CADAVID,"JOHAN ",STIVEN,"2001-12-02 00:00:00",M,21,84,CTN-34
CC,16211261175175175,NUEZ,BONILLA,"CARLOS ",ENRIQUE,"1959-07-24 00:00:00",M,63,75,SMT-35
CC,1622990699176176176,MONTOYA,ARBOLEDA,"JORGE ",HUMBERTO,"1971-11-16 00:00:00",M,51,78,ARM-34
CC,291569995177177177,RIOS,VILLADA,NONE,ELCIDYA,"1969-05-06 00:00:00",F,53,75,CTN-35
CC,293938699178178178,RIOS,SANCHEZ,NONE,MARLENY,"1953-08-20 00:00:00",F,69,56,SMT-36
CC,3149999035179179179,OSPINA,QUERUBIN,"MARIA ",JHAZMIN,"1971-02-15 00:00:00",F,52,58,ARM-35
CC,1012433961180180180,AGUILERA,GRISALES,"LEIDY ",TATIANA,"1996-07-16 00:00:00",F,26,58,CTN-36
CC,1006320999999181181181,VARGAS,MARTINEZ,NONE,DAYANA,"2003-01-27 00:00:00",F,20,50.1,BOG-01
CC,14569239182182182,SANCHEZ,VARELA,"JOHN ",FREDY,"1983-10-25 00:00:00",M,39,91,CAL-02
CC,1112999962994183183183,ACOSTA,CONTRERAS,"ANA ",MARIA,"1992-06-02 00:00:00",F,30,61,MED-03
CC,100499996691184184184,SUAZA,LOAIZA,"MARIA ",JOSE,"2003-02-05 00:00:00",F,20,59.2,BOG-02
CC,42108262185185185,ERAZO,RAMOS,NONE,YAMILETH,"1973-07-25 00:00:00",F,49,61,CAL-03
CC,291599562186186186,CEBALLOS,RAMIREZ,"GLORIA ",INES,"1968-10-06 00:00:00",F,54,60,MED-04
CC,11129961506187187187,BUSTAMANTE,ARENAS,"LEIDY ",MARCELA,"1987-04-07 00:00:00",F,35,94.4,BOG-03
CC,111299902099188188188,DUQUE,MEJIA,NONE,VALERIA,"1997-09-20 00:00:00",F,25,62,CAL-04
CC,31433329189189189,HOLGUIN,FLOREZ,"EDILIA ",YANETH,"1980-08-02 00:00:00",F,42,79,MED-05
CC,111299909939190190190,FLOR,ACOSTA,"LUISA ",MARIA,"1997-12-27 00:00:00",F,25,93,BOG-04
CC,9994103191191191,GUEVARA,GIL,NONE,GERMAN,"1974-05-27 00:00:00",M,48,74.5,CAL-05
CC,10885399604192192192,OQUENDO,BERMUDEZ,"CINDY ",VANESA,"1991-12-19 00:00:00",F,31,78,MED-06
CC,62839908193193193,JIMENEZ,HERRERA,"NELSON ",JESUS,"1969-06-06 00:00:00",M,53,72,BOG-05
CC,10022231194194194,MOSQUERA,RESTREPO,NONE,ALBER,"1974-11-09 00:00:00",M,48,92.4,CAL-06
CC,11129958399195195195,HENAO,CASTAO,"JAVIER ",ANTONIO,"1984-09-23 00:00:00",M,38,90,MED-07
CC,16233329196196196,ARANGO,BEDOYA,"MILTON ",CESAR,"1975-11-28 00:00:00",M,47,110,BOG-06
CC,31641823197197197,ORREGO,MORALES,"MARIA ",EDITH,"1979-02-01 00:00:00",F,44,59,CAL-07
CC,111299990243198198198,OSPINA,GRANADA,"ANDRES ",FELIPE,"1990-05-27 00:00:00",M,32,72,MED-08
CC,992168664199199199,MERIO,RODRIGUEZ,"MARTIN ",ANTONIO,"1968-08-25 00:00:00",M,54,86.2,BOG-07
CC,31414114200200200,MUOZ,MUOZ,"OMAIRA ",JESUS,"1968-11-14 00:00:00",F,54,64,CAL-08
CC,314199285201201201,VASQUEZ,CARDONA,"OLGA ",PIEDAD,"1970-01-06 00:00:00",F,53,64.8,MED-09
CC,6244163202202202,GALLO,ALZATE,"JORGE ",ELIECER,"1947-04-11 00:00:00",M,75,83,BOG-08
CC,169948808203203203,ZORRILLA,NULL,"IVAN ",ADOLFO,"1967-03-09 00:00:00",M,56,72.5,CAL-09
CC,145991902204204204,CANO,VEGA,"CESAR ",ALBERTO,"1985-08-19 00:00:00",M,37,81,MED-10
CC,516029906205205205,VELEZ,MONTES,"GLORIA ",LUCIA,"1956-12-27 00:00:00",F,66,50.6,BOG-09
CC,31405611206206206,MARIN,PEUELA,NONE,ELIZABETH,"1963-06-08 00:00:00",F,59,77,CAL-10
CC,31416561207207207,VELEZ,PEA,"CLAUDIA ",BEATRIZ,"1971-03-14 00:00:00",F,52,74.5,MED-11
CC,1088341443208208208,MARIN,MESA,"LEIDY ",JOHANNA,"1997-03-10 00:00:00",F,26,62,BOG-10
CC,29135345209209209,ROJAS,PEREZ,"MARIA ",LORENZA,"1965-02-08 00:00:00",F,58,59,CAL-11
CC,29934649210210210,TORO,BUSTAMANTE,"MARIA ",NILSA,"1964-03-13 00:00:00",F,59,76,MED-12
CC,9989960951211211211,ORDOEZ,TRESPALACIO,"MANUEL ",ENRIQUE,"1974-09-08 00:00:00",M,48,75.4,BOG-11
CC,111299842998212212212,RODRIGUEZ,IDARRAGA,"YESICA ",YOHANA,"1995-03-18 00:00:00",F,28,66,CAL-12
CC,29154500213213213,VALENCIA,ZULUAGA,NONE,EDILMA,"1957-07-20 00:00:00",F,65,81.4,MED-13
CC,29159088214214214,OCAMPO,ACOSTA,NONE,MILLERLADIS,"1981-04-03 00:00:00",F,41,54,BOG-12
CC,1112999965499215215215,HILARION,ESCOBAR,"KAREN ",TATIANA,"1992-07-14 00:00:00",F,30,75,CAL-13
CC,111998219999216216216,VARON,NAVARRETE,"MARIA ",CAROLINA,"1993-07-02 00:00:00",F,29,85.6,MED-14
CC,843990995217217217,LOAIZA,CORREA,"JOHN ",KENNEDY,"1981-12-27 00:00:00",M,41,86,BOG-13
CC,31398180218218218,GALLEGO,"DE ORTIZ",NONE,LIBIA,"1953-12-03 00:00:00",F,69,48,CAL-14
CC,31429999990219219219,OCHOA,GUTIERREZ,NONE,MARILUZ,"1979-04-12 00:00:00",F,43,99,MED-15
CC,2969968299220220220,LOZANO,BEJARANO,"HEIDY ",YHOANA,"1982-12-10 00:00:00",F,40,44,BOG-14
CC,9863436221221221,VILLANEDA,CHOREN,"ANDRES ",MAURICIO,"1983-11-12 00:00:00",M,39,67.8,CAL-15
CC,111299998529222222222,GIL,IDARRAGA,NONE,VIVIANA,"1993-03-25 00:00:00",F,30,74.3,MED-16
CC,16202060223223223,AGUDELO,GRAJALES,NONE,EBILIER,"1949-07-12 00:00:00",M,73,68,BOG-15
CC,16215383224224224,GARCIA,CARMONA,"JOSE ",MANUEL,"1962-07-05 00:00:00",M,60,69,CAL-16
CC,11129958812225225225,MARLES,NARANJO,"JAVIER ",HUMBERTO,"1985-11-21 00:00:00",M,37,54,MED-17
CC,30415231226226226,DIAZ,GUEVARA,"DEISY ",YOLANDA,"1984-02-14 00:00:00",F,39,71,BOG-16
CC,162294998227227227,DUQUE,ACEVEDO,"MAURICIO ",JOSUE,"1974-08-25 00:00:00",M,48,88,CAL-17
CC,16801595228228228,MARTINEZ,AGUIRRE,"JOSE ",NORBEIRO,"1967-06-24 00:00:00",M,55,79,MED-18
CC,111299689959229229229,MESA,GONZALEZ,"LINA ",MARIA,"1989-09-07 00:00:00",F,33,59,BOG-17
CC,16234999999230230230,RAMIREZ,RAMIREZ,"JULIO ",ALBERTO,"1979-02-12 00:00:00",M,44,75,CAL-18
CC,111299996405231231231,POSSO,MARMOLEJO,NONE,GIRLESSA,"1992-07-05 00:00:00",F,30,81.9,MED-19
CC,11129989645232232232,RODRIGUEZ,CRUZ,NONE,VALENTINA,"1997-06-21 00:00:00",F,25,50,BOG-18
CC,31410868233233233,GUARIN,ALZATE,NONE,ENELIA,"1967-02-11 00:00:00",F,56,62,CAL-19
CC,11129991204234234234,BEDOYA,BETANCOURT,NONE,WILLINTON,"1998-02-12 00:00:00",M,25,69,MED-20
CC,94435189235235235,DIOSA,GAMBOA,"FAVIAN ",CAMILO,"1985-04-13 00:00:00",M,37,86,BOG-19
CC,31419938236236236,VALENCIA,BENITEZ,NONE,YOLANDA,"1972-10-22 00:00:00",F,50,45.5,CAL-20
CC,11129986935237237237,OJEDA,OCAMPO,"EDWARD ",JHOAN,"1996-03-22 00:00:00",M,27,45.4,MED-21
CC,111299999633238238238,ABADIA,AGUDELO,"JUAN ",DAVID,"1993-07-16 00:00:00",M,29,72.2,BOG-20
CC,10198592239239239,ECHAVARRIA,NULL,"JOHN ",JAIRO,"1971-04-21 00:00:00",M,51,64,CAL-21
CC,16221094240240240,VELASQUEZ,OSORIO,"JAIRO ",JESUS,"1967-07-07 00:00:00",M,55,79,MED-22
CC,31416028241241241,ABELLO,SANCHEZ,"MARIA ",MARLENI,"1969-09-05 00:00:00",F,53,71,BOG-21
CC,31430061242242242,GOMEZ,GARCIA,"GENY ",PAOLA,"1980-05-20 00:00:00",F,42,80,CAL-22
CC,314269921243243243,DIAZ,MORALES,"MARIA ",MONICA,"1978-06-15 00:00:00",F,44,67.8,MED-23
CC,31420583244244244,HINCAPIE,ARIAS,NONE,EDILIA,"1968-12-22 00:00:00",F,54,59,BOG-22
CC,31434240245245245,OSORIO,VARGAS,"MARIA ",ELVIRA,"1982-09-16 00:00:00",F,40,73,CAL-23
CC,111299993956246246246,MARTINEZ,HINESTROZA,"MARIA ",MICHELLER,"1991-08-22 00:00:00",F,31,69,MED-24
CC,1112999983199247247247,GRANADA,RAMIREZ,"JUAN ",DAVID,"1992-10-04 00:00:00",M,30,80,BOG-23
CC,159009932248248248,ARCILA,ACEVEDO,"GUILLERMO ",ANTONIO,"1958-12-10 00:00:00",M,64,94,CAL-24
CC,16218201249249249,TASAMA,FLOREZ,"JOSE ",GABRIEL,"1965-04-01 00:00:00",M,57,85.7,MED-25
CC,11138614299250250250,CASTAO,MUOZ,"NIZMA ",ALEJANDRA,"1992-04-18 00:00:00",F,30,65.6,BOG-24
CC,111299991438251251251,SERNA,ANGEL,"LINA ",MARCELA,"1990-10-03 00:00:00",F,32,59,CAL-25
CC,11129961652252252252,NARANJO,MONROY,"ANDREA ",PILAR,"1987-04-26 00:00:00",F,35,66.5,MED-26
CC,10049955001253253253,CARDONA,GUARIN,NONE,SANTIAGO,"2002-07-13 00:00:00",M,20,55,BOG-25
CC,111299849900254254254,GONZALEZ,JURADO,"ANGELICA ",MARIA,"1995-05-19 00:00:00",F,27,82.9,CAL-26
CC,314320994255255255,TAMAYO,RAMIREZ,NONE,MARISOL,"1982-10-03 00:00:00",F,40,63,MED-27
CC,1006293650256256256,FLOREZ,PARRA,"MIGUEL ",ANGEL,"2002-01-15 00:00:00",M,21,58.4,BOG-26
CC,314264996257257257,JORDAN,AGUDELO,"CLAUDIA ",BIBIANA,"1978-02-22 00:00:00",F,45,60,CAL-27
CC,11129981242258258258,FORONDA,ALZATE,"JHON ",JARRINSON,"1993-12-21 00:00:00",M,29,75.1,MED-28
CC,11135952996259259259,MONTOYA,RIOS,"JENCY ",LORENA,"1996-12-31 00:00:00",F,26,60,BOG-27
CC,11129968121260260260,GARCIA,APONTE,"GLORIA ",MERCEDES,"1989-08-18 00:00:00",F,33,63.7,CAL-28
CC,10099399999988261261261,GAZO,RODRIGUEZ,"ERIKA ",YULIANA,"2000-04-29 00:00:00",F,22,66.6,MED-29
CC,11129990412262262262,LOPEZ,ARBOLEDA,NONE,SEBASTIAN,"1997-10-26 00:00:00",M,25,67,BOG-28
CC,31426086263263263,SERNA,ROMAN,"GLORIA ",AMPARO,"1977-12-24 00:00:00",F,45,52,CAL-29
CC,11129964410264264264,QUINTERO,MARIN,"SANDRA ",VIVIANA,"1988-06-14 00:00:00",F,34,58,MED-30
CC,31413486265265265,GIRALDO,NULL,"MARIA ",CIELOS,"1965-12-02 00:00:00",F,57,57.5,BOG-29
CC,10062465998266266266,RIOS,BETANCUR,"ANGELY ",DANIELA,"1996-12-31 00:00:00",F,26,79,CAL-30
CC,10299964153267267267,YANEZ,ESTRADA,"MARLEN ",YESENIA,"1989-09-11 00:00:00",F,33,64,MED-31
CC,314162899268268268,VANEGAS,MORENO,NONE,STELLA,"1969-11-15 00:00:00",F,53,50,BOG-30
CC,11129993801269269269,PATIO,JIMENEZ,"JHON ",WILDER,"1999-03-09 00:00:00",M,24,101,CAL-31
CC,1006315898270270270,MARIN,PARRA,"JESICA ",TATIANA,"1996-10-20 00:00:00",F,26,92,MED-32
CC,11129966423271271271,CARDONA,RAMIREZ,"YESICA ",ESMERALDA,"1989-01-28 00:00:00",F,34,55,BOG-31
CC,111299899208272272272,BEDOYA,BETANCOURT,"JOHN ",FAVER,"1996-02-20 00:00:00",M,27,70,CAL-32
CC,16803540273273273,ARCILA,ARIAS,"JAIME ",ANDRES,"1979-11-02 00:00:00",M,43,88.9,MED-33
CC,1112618038274274274,GIRALDO,MONTOYA,"LEIDY ",YULIANA,"1985-12-21 00:00:00",F,37,64,BOG-32
CC,61119915275275275,GIRALDO,OCHOA,"JESUS ",ANTONIO,"1967-03-02 00:00:00",M,56,53.2,CAL-33
CC,11129981519276276276,ABADIA,MORENO,"ALVARO ",STEVEN,"1994-04-03 00:00:00",M,28,55,MED-34
CC,314235199277277277,SANCHEZ,RODRIGUEZ,NONE,SORY,"1976-01-05 00:00:00",F,47,51,BOG-33
CC,111299990992278278278,ARENAS,GUIRAL,"ANDRES ",MAURICIO,"1990-08-19 00:00:00",M,32,110,CAL-34
CC,11129964549279279279,PEREA,TORRES,"JISEL ",MARCELA,"1988-03-01 00:00:00",F,35,72,MED-35
CC,11129961562280280280,NARVAEZ,RAMIREZ,"LUZ ",EUGENIA,"1987-04-23 00:00:00",F,35,89.3,BOG-34
CC,611129999281281281,LABRADA,NULL,"HUBER ",JESUS,"1966-02-08 00:00:00",M,57,57.5,CAL-35
CC,649984699282282282,USMA,PATIO,"JOSE ",ALDEMAR,"1960-05-31 00:00:00",M,62,78.9,MED-36
CC,314224099283283283,RENTERIA,MOSQUERA,"CRUZ ",ESNEDA,"1975-05-10 00:00:00",F,47,76,BOG-35
CC,10619952308284284284,BETANCOURT,RUIZ,NONE,JONATHAN,"1992-10-04 00:00:00",M,30,72,CAL-36
CC,669950414285285285,SERNA,FERNANDEZ,"CLAUDIA ",PATRICIA,"1968-02-28 00:00:00",F,55,71,MED-37
CC,11129985561286286286,LOPEZ,SANCHEZ,NONE,YURI,"1995-08-30 00:00:00",F,27,147,BOG-36
CC,98659901287287287,RAMIREZ,ALZATE,"JORGE ",ALEJANDRO,"1982-09-01 00:00:00",M,40,69,CAL-37
CC,31416890288288288,BOTERO,PALOMO,"MARTHA ",LUZ,"1968-03-26 00:00:00",F,55,59,MED-38
CC,16226142289289289,SOTO,IZQUIERDO,"JOSE ",MARIA,"1972-01-25 00:00:00",M,51,101,BOG-37
CC,11129964325290290290,GIRALDO,ESCOBAR,"BEATRIZ ",ELENA,"1988-01-02 00:00:00",F,35,57,CAL-38
CC,314299856291291291,JARA,MARIN,NONE,CAROLINA,"1979-02-26 00:00:00",F,44,71,MED-39
CC,31435346292292292,VELASQUEZ,MARIN,"CLARA ",INES,"1984-01-14 00:00:00",F,39,70,BOG-38
CC,16214402293293293,RINCON,SANCHEZ,"LUIS ",FERNANDO,"1960-11-20 00:00:00",M,62,53,CAL-39
CC,38445549294294294,PEREZ,QUINTERO,"MARIA ",CARMENZA,"1967-03-03 00:00:00",F,56,64,MED-40
CC,1006292120295295295,CORREDOR,JARA,"GINA ",VANESA,"2001-09-03 00:00:00",F,21,68,BOG-39
CC,1003851829296296296,MOSQUERA,CORTEZ,"JOHANA ",ANDREA,"1996-05-12 00:00:00",F,26,80,CAL-40
CC,31430506297297297,NIETO,PARRA,"ALEJANDRA ",MARIA,"1980-11-21 00:00:00",F,42,75,MED-41
CC,10063186998298298298,TOBON,VILLEGAS,"KARLA ",ESTEFANIA,"2000-03-16 00:00:00",F,23,60,BOG-40
CC,31414496299299299,ISAZA,CATAO,"MARIA ",ADELAIDA,"1969-06-27 00:00:00",F,53,59,CAL-41
CC,31428046300300300,SANCHEZ,SOTO,"LAURA ",MARIA,"1979-10-28 00:00:00",F,43,99.8,MED-42
CC,11129982333301301301,ARIAS,ROJAS,"PAULA ",STEPHANI,"1994-07-16 00:00:00",F,28,102.8,BOG-41
CC,16231939302302302,GIRALDO,CORTES,"JOSE ",ALONSO,"1977-02-24 00:00:00",M,46,69,CAL-42
CC,314299305303303303,CASTAO,ARANGO,"LUZ ",MARINA,"1978-05-02 00:00:00",F,44,47,MED-43
CC,119292399995304304304,VALENCIA,PEREZ,"KIMBERLY ",DAYAN,"2000-09-17 00:00:00",F,22,46.9,BOG-42
CC,314359991305305305,CASTAO,GIRALDO,"ISABEL ",CRISTINA,"1984-12-20 00:00:00",F,38,65.7,CAL-43
CC,16212984306306306,QUINTERO,ARANGO,"JORGE ",ELIECER,"1957-09-16 00:00:00",M,65,70,MED-44
CC,1088238815307307307,GOMEZ,GOMEZ,"LEIDY ",MARCELA,"1986-02-02 00:00:00",F,37,61,BOG-43
CC,111299995112308308308,LOAIZA,ESPINOSA,NONE,MELISSA,"1992-01-09 00:00:00",F,31,72,CAL-44
CC,38902808309309309,DIAZ,RAMIREZ,NONE,PATRICIA,"1980-09-11 00:00:00",F,42,82,MED-45
CC,3142239999310310310,CORTES,PEREZ,"CLAUDIA ",PATRICIA,"1975-06-27 00:00:00",F,47,71,BOG-44
CC,111499899242311311311,GALLEGO,RESTREPO,"JULIAN ",ARBEY,"1992-05-03 00:00:00",M,30,69,CAL-45
CC,31431648312312312,GOMEZ,VALENCIA,NONE,CAROLINA,"1982-05-24 00:00:00",F,40,72,MED-46
CC,291384992313313313,AGUIRRE,GAVIRIA,"CLAUDIA ",JIMENA,"1985-11-10 00:00:00",F,37,70,BOG-45
CC,1090334242314314314,LADINO,NULL,NONE,ELIZABETH,"1989-12-22 00:00:00",F,33,67.8,CAL-46
CC,159089934315315315,FLOREZ,OSORIO,"JOSE ",JAIR,"1969-03-25 00:00:00",M,54,68.7,MED-47
CC,100499399930316316316,CAMPO,GONZALEZ,NONE,JULIANA,"2003-06-14 00:00:00",F,19,53,BOG-46
CC,1996398995317317317,RODRIGUEZ,TAPIERO,NONE,MELQUICEDEC,"1965-12-20 00:00:00",M,57,59,CAL-47
CC,1113593385318318318,PINILLA,ARCILA,"YULY ",ANDREA,"1989-03-21 00:00:00",F,34,75,MED-48
CC,11129989512319319319,MARIN,MARIN,"LUZ ",ELENA,"1997-05-28 00:00:00",F,25,55.5,BOG-47
CC,11129990953320320320,RODRIGUEZ,RAMIREZ,NONE,GERALDINE,"1998-02-08 00:00:00",F,25,53,CAL-48
CC,11129959621321321321,VILLADA,HERNANDEZ,"RAUL ",ARLEY,"1986-09-23 00:00:00",M,36,84,MED-49
CC,991633312322322322,MEJIA,CORREA,NONE,JAIR,"1963-03-11 00:00:00",M,60,72,BOG-48
CC,249922999323323323,GONZALEZ,HENAO,"LUIS ",ANGEL,"1969-09-24 00:00:00",M,53,69,CAL-49
CC,296224994324324324,PEDROZA,BERMUDEZ,"MARIA ",CARMENZA,"1965-09-11 00:00:00",F,57,65,MED-50
CC,169899014325325325,GRANADA,RODRIGUEZ,"JOSE ",NORBERTO,"1970-05-22 00:00:00",M,52,82,BOG-49
CC,162099234326326326,AGUIRRE,LOAIZA,"FRANCISCO ",JAVIER,"1956-01-08 00:00:00",M,67,77,CAL-50
CC,6284014327327327,VALENCIA,VALENCIA,NONE,FERNANDO,"1972-12-11 00:00:00",M,50,88,MED-51
CC,145699251328328328,OSORIO,GIL,"JUAN ",PABLO,"1982-05-06 00:00:00",M,40,87,BOG-50
CC,31431433329329329,RAMIREZ,GAVIRIA,"YESSICA ",JOHANA,"1981-11-13 00:00:00",F,41,81,CAL-51
CC,111299899244330330330,CHACON,ESTRADA,"DANIELA ",CAMILA,"1996-02-20 00:00:00",F,27,62,MED-52
CC,111299595099331331331,MURIEL,SALDARRIAGA,"DEICY ",JOHANA,"1986-08-14 00:00:00",F,36,85,BOG-51
CC,1053809606332332332,CARMONA,GARCIA,"YERSON ",YHOAN,"1991-01-26 00:00:00",M,32,85,CAL-52
CC,10538399641333333333,RESTREPO,GOMEZ,NONE,VANESA,"1994-08-21 00:00:00",F,28,65.5,MED-53
CC,31411956334334334,COLORADO,ESCOBAR,"MARTHA ",LIGIA,"1967-10-15 00:00:00",F,55,69,BOG-52
CC,699025049335335335,PINO,MANQUILLO,NONE,VIVIANA,"1984-09-25 00:00:00",F,38,69,CAL-53
CC,16205058336336336,OROZCO,RENDON,"JESUS ",ANTONIO,"1953-01-23 00:00:00",M,70,59,MED-54
CC,890084990337337337,PALECHOR,CERON,"CARLOS ",ARTURO,"1975-09-17 00:00:00",M,47,54,BOG-53
CC,1114094660338338338,OSORIO,CASTAO,"MARIA ",FERNANDA,"1997-02-03 00:00:00",F,26,59,CAL-54
CC,314099606339339339,LOPEZ,PANESO,NONE,ROSALBA,"1959-06-21 00:00:00",F,63,49,MED-55
CC,16226484340340340,DUQUE,BUSTAMANTE,"JOSE ",FERNEY,"1971-11-29 00:00:00",M,51,74.1,BOG-54
CC,31496089341341341,CARDONA,MARTINEZ,NONE,LORENZA,"1964-01-08 00:00:00",F,59,76,CAL-55
CC,31422210342342342,NAVARRO,ZAPATA,"SANDRA ",MILENA,"1975-09-08 00:00:00",F,47,76,MED-56
CC,11129966003343343343,ARIAS,ESCALANTE,"LIZ ",VANESSA,"1989-01-11 00:00:00",F,34,56.2,BOG-55
CC,8164149344344344,DIAZ,GOMEZ,NONE,ALFONSO,"1982-03-26 00:00:00",M,41,67,CAL-56
CC,314225899345345345,RAMIREZ,CORTES,"LUZ ",ELENA,"1973-10-26 00:00:00",F,49,64,MED-57
CC,10899486530346346346,PINILLA,SANCHEZ,"DEISY ",LORENA,"1986-09-17 00:00:00",F,36,68,BOG-56
CC,18504332347347347,DUQUE,JIMENEZ,"JUAN ",CARLOS,"1965-03-21 00:00:00",M,58,112,CAL-57
CC,31423911348348348,RESTREPO,BUSTAMANTE,NONE,EDILIA,"1976-12-06 00:00:00",F,46,80.1,MED-58
CC,38902693349349349,DUQUE,PATIO,"BLANCA ",CECILIA,"1980-01-31 00:00:00",F,43,57,BOG-57
CC,249966420350350350,LADINO,HENAO,"CLAUDIA ",BIBIANA,"1978-02-27 00:00:00",F,45,62,CAL-58
CC,29881334351351351,VILLANUEVA,SANTA,"AIDA ",SULAY,"1968-06-16 00:00:00",F,54,59,MED-59
CC,16229900352352352,ZAPATA,NULL,"NORBEY ",ANTONIO,"1975-05-20 00:00:00",M,47,69,BOG-58
CC,291348994353353353,FORERO,CORREA,"MARIA ",LASTENIA,"1960-10-04 00:00:00",F,62,90,CAL-59
CC,3142899599354354354,RESTREPO,LONDOO,NONE,VALENTINA,"1980-03-04 00:00:00",F,43,71,MED-60
CC,1093224353355355355,ESPINOSA,MARIN,NONE,ANYHELA,"1994-07-18 00:00:00",F,28,48,BOG-59
CC,942993405356356356,GARCIA,NULL,"CARLOS ",ARTURO,"1970-12-12 00:00:00",M,52,82.4,CAL-60
CC,105399990955357357357,RUEDA,QUINTERO,"JORGE ",GUILLERMO,"1986-08-23 00:00:00",M,36,81.8,MED-61
CC,428998992358358358,CASTRO,CORONADO,NONE,FERNANDO,"1972-05-27 00:00:00",M,50,84,BOG-60
CC,46646815359359359,ROMERO,MUOZ,"GLORIA ",ASTRID,"1978-07-05 00:00:00",F,44,82.9,CAL-61
CC,111299999259360360360,RAMIREZ,ARIAS,NONE,NATALIA,"1993-06-09 00:00:00",F,29,47,MED-62
CC,42080153361361361,MARIN,QUINTERO,"LUZ ",MARINA,"1964-05-05 00:00:00",F,58,73,BOG-61
CC,1010093202362362362,QUINTERO,GIRALDO,"CAMILA ",ANDREA,"2000-05-06 00:00:00",F,22,60,CAL-62
CC,1133644011363363363,MOSQUERA,ASPRILLA,"LUZ ",MARITZA,"1987-03-26 00:00:00",F,36,98,MED-63
CC,11141524199364364364,BUENAO,SERNA,NONE,YORFANY,"1989-04-26 00:00:00",F,33,67.5,BOG-62
CC,111299995956365365365,MEJIA,BONILLA,"DIANA ",LORENA,"1992-05-05 00:00:00",F,30,61,CAL-63
CC,29181116366366366,HENAO,VILLA,"LUZ ",AMPARO,"1960-03-20 00:00:00",F,63,55,MED-64
CC,6358269367367367,GRAJALES,NULL,"GLADIER ",ALONSO,"1968-04-25 00:00:00",M,54,46,BOG-63
CC,31431212368368368,RIVERA,RESTREPO,NONE,ZORAIDA,"1982-01-03 00:00:00",F,41,67,CAL-64
CC,105399653399369369369,LOAIZA,OSORIO,NONE,MAURICIO,"1986-03-08 00:00:00",M,37,112,MED-65
CC,11129959628370370370,MONTOYA,MONCADA,LUZ,MERY,"1984-10-18 00:00:00",F,38,54,BOG-64
CC,2660489371371371,ALZATE,GRAJALES,ALBERTO,ANTONIO,"1955-09-02 00:00:00",M,67,65.1,CAL-65
CC,299965665372372372,ROMAN,OCAMPO,RUBY,NELLY,"1963-02-10 00:00:00",F,60,50,MED-66
CC,314039099373373373,MARTINEZ,VASQUEZ,NONE,BERTHA,"1962-04-06 00:00:00",F,60,56,BOG-65
CC,62409499374374374,OSSA,CARDONA,WILLIAM,ANDRES,"1980-05-04 00:00:00",M,42,87,CAL-66
CC,1114095038375375375,ARENAS,PESCADOR,ARENAS,DIEGO,"1997-10-14 00:00:00",M,25,68,MED-67
CC,10142994325376376376,MERCADO,MERCADO,MARCOS,DAVID,"1996-02-03 00:00:00",M,27,73,BOG-66
CC,11129981946377377377,CASTAO,PATIO,VALENTINA,VALENTINA,"1994-05-29 00:00:00",F,28,87,CAL-67
CC,31411020378378378,GALLEGO,CARMONA,LUZ,ADRIANA,"1966-06-16 00:00:00",F,56,63,MED-68
CC,314349940379379379,ISAZA,RIOS,MARIA,YAMILETH,"1984-03-24 00:00:00",F,39,70,BOG-67
CC,1114094364380380380,RAMIREZ,RAMIREZ,ANDRES,FELIPE,"1996-06-26 00:00:00",M,26,65.9,CAL-68
CC,9911494381381381,OSPINA,NONE,JOSE,ARVEY,"1984-12-23 00:00:00",M,38,73.3,MED-69
CC,3229991999382382382,GIRALDO,CASTAO,CATALINA,MARIA,"1984-08-20 00:00:00",F,38,48,BOG-68
CC,1006246429383383383,RESTREPO,RESTREPO,"- ",DARLIS,"1988-11-01 00:00:00",F,34,66.3,CAL-69
CC,31406989384384384,LOPEZ,MARTINEZ,"GLORIA ",AMPARO,"1964-01-18 00:00:00",F,59,60.5,MED-70
CC,314044499385385385,FRANCO,BAUTISTA,"GLORIA ",PATRICIA,"1962-08-06 00:00:00",F,60,72,BOG-69
CC,314099390386386386,DUQUE,RIOS,NONE,CECILIA,"1961-06-05 00:00:00",F,61,51,CAL-70
CC,16218181387387387,MERCHAN,NULL,"JUAN ",CARLOS,"1965-03-23 00:00:00",M,58,78,MED-71
CC,16232481388388388,VALERO,HERNANDEZ,"JOSE ",ALEXANDER,"1977-06-12 00:00:00",M,45,71,BOG-70
CC,31436396389389389,RIOS,VEGA,"LEIDY ",YOJANNA,"1985-06-15 00:00:00",F,37,47.6,CAL-71
CC,31410542390390390,MULATO,TASAMA,NONE,IDALY,"1965-11-10 00:00:00",F,57,94.1,MED-72
CC,11129963326391391391,MAZUERA,ECHEVERRI,NONE,CAROLINA,"1987-11-26 00:00:00",F,35,69,BOG-71
CC,16222595392392392,GARCIA,OSPINA,"JHON ",MARIO,"1968-09-25 00:00:00",M,54,83,CAL-72
CC,1050602165393393393,RUIZ,BUITRAGO,"LAURA ",JOHANA,"2001-05-19 00:00:00",F,21,55.7,MED-73
CC,1128224514394394394,NARANJO,RESTREPO,NONE,SINFORIANO,"1980-10-28 00:00:00",M,42,66.7,BOG-72
CC,1006321353395395395,ALVAREZ,VARGAS,NONE,YENNIFER,"2003-08-13 00:00:00",F,19,50,CAL-73
CC,11136996645396396396,URRESTE,SILBA,NONE,SANTIAGO,"1995-09-29 00:00:00",M,27,76,MED-74
CC,100259965199397397397,OROZCO,TORO,"ANYI ",VANEZA,"2002-05-04 00:00:00",F,20,64,BOG-73
CC,11129966424398398398,ZULUAGA,ARBOLEDA,"LEIDY ",JOHANA,"1989-02-17 00:00:00",F,34,50,CAL-74
CC,1006321358399399399,VELEZ,UCHIMA,"LAURA ",SOFIA,"2003-09-29 00:00:00",F,19,67,MED-75
CC,10029919999999400400400,RIOS,ALZATE,NONE,VALERIA,"2003-11-07 00:00:00",F,19,95,BOG-74
CC,1114088152401401401,FLOREZ,PARRA,"EVELIN ",TATIANA,"2003-09-01 00:00:00",F,19,52,CAL-75
CC,31305262402402402,VESGA,MONTOYA,NONE,TATIANA,"1983-11-30 00:00:00",F,39,63.9,MED-76
CC,10101031099403403403,RAIGOZA,MARTINEZ,"JOAN ",SEBASTIAN,"1998-05-12 00:00:00",M,24,81,BOG-75
CC,29612806404404404,ROJAS,POSSO,NONE,ALEIDA,"1952-08-03 00:00:00",F,70,70.5,CAL-76
CC,100469988699405405405,CASTRILLON,TAMAYO,"ASTRID ",CAROLINA,"2000-07-21 00:00:00",F,22,55,MED-77
CC,111299599949406406406,ROLDAN,ISAZA,"MARIA ",YULIANA,"1986-06-10 00:00:00",F,36,66.4,BOG-76
CC,314399338407407407,AGUDELO,ORTEGA,NONE,JESSICA,"1986-02-06 00:00:00",F,37,62,CAL-77
CC,29159449408408408,OQUENDO,LOPEZ,"ANA ",MILENA,"1981-05-28 00:00:00",F,41,58,MED-78
CC,249929935409409409,AGUDELO,ESCOBAR,"PABLO ",ANTONIO,"1971-11-07 00:00:00",M,51,77,BOG-77
CC,162469915410410410,CAMPO,RIVERA,"JAIME ",ANTONIO,"1950-11-03 00:00:00",M,72,75,CAL-78
CC,252991363411411411,GUTIERREZ,"DE LOPEZ",NONE,LIBIA,"1949-04-28 00:00:00",F,73,61,MED-79
CC,294629958412412412,LOPEZ,GIRALDO,"LUZ ",MARINA,"1957-01-02 00:00:00",F,66,70,BOG-78
CC,314369922413413413,SANCHEZ,ARENAS,"DIANA ",MARCELA,"1985-07-19 00:00:00",F,37,65.6,CAL-79
CC,24365666414414414,RAMIREZ,LOPEZ,NONE,CELENI,"1962-04-12 00:00:00",F,60,64,MED-80
CC,10062954999415415415,MENA,ASPRILLA,NONE,VANESSA,"2001-03-16 00:00:00",F,22,66,BOG-79
CC,11441099453416416416,LEMOS,MONTOYA,NONE,NATHALY,"1999-05-25 00:00:00",F,23,75.3,CAL-80
CC,31420660417417417,HERNANDEZ,LOPEZ,NONE,LILIANA,"1973-09-13 00:00:00",F,49,58,MED-81
CC,3582580418418418,TRUJILLO,HERNANDEZ,NONE,HERNANDO,"1943-05-06 00:00:00",M,79,62,BOG-80
CC,11129993550419419419,ESCOBAR,MAYA,"DIEGO ",MAURICIO,"1999-05-25 00:00:00",M,23,89,CAL-81
CC,11129983282420420420,CASTRO,TORO,"JOHN ",ALEXANDER,"1994-11-19 00:00:00",M,28,82,MED-82
CC,29623649421421421,CIFUENTES,LADINO,"ANDREA ",LILIANA,"1980-02-10 00:00:00",F,43,71,BOG-81
CC,111299939993422422422,CASTRO,CASTAO,"MICHELLE ",ALEJANDRA,"1999-07-16 00:00:00",F,23,72.9,CAL-82
CC,10062899630423423423,FRANCO,CACERES,"CARMEN ",VIVIANA,"1986-01-05 00:00:00",F,37,68,MED-83
CC,24392191424424424,CANO,VILLA,"LUZ ",FANNY,"1969-01-20 00:00:00",F,54,63,BOG-82
CC,314299096425425425,CARDONA,MARIN,"OLGA ",LUCIA,"1979-03-08 00:00:00",F,44,64,CAL-83
CC,31395648426426426,AGUADO,NULL,"MARIA ",EVANGELINA,"1950-10-07 00:00:00",F,72,77,MED-84
CC,10882369914427427427,MARTINEZ,MUOZ,"SANDRA ",PATRICIA,"1985-10-08 00:00:00",F,37,81,BOG-83
CC,1115422006428428428,ECHEVERRI,CASTRILLON,"JUAN ",MANUEL,"1993-06-17 00:00:00",M,29,61,CAL-84
PT,1245460429429429,LEON,MONTENEGRO,"MARIA ",JOSEFINA,"1993-09-24 00:00:00",F,29,74,MED-85
CC,3654433430430430,TORO,RAMIREZ,NONE,GILDARDO,"1959-02-19 00:00:00",M,64,54,BOG-84
CC,31416039431431431,GOMEZ,HERRERA,"ORFA ",NERY,"1969-12-24 00:00:00",F,53,54,CAL-85
CC,10880295699432432432,OSPINA,MONTAEZ,"LINA ",MARIA,"1997-02-17 00:00:00",F,26,60,MED-86
CC,1002205920433433433,CANO,PEREZ,NONE,SANTIAGO,"2003-05-22 00:00:00",M,19,83,BOG-85
CC,1114148009434434434,TORO,SANCHEZ,NONE,SARA,"2003-12-10 00:00:00",F,19,46,CAL-86
CC,31421901435435435,AGUADO,NULL,BEATRIZ,EUGENIA,"1975-04-10 00:00:00",F,47,65,MED-87
CC,11129994401436436436,CASTAO,BEDOYA,BRAHIAN,DAVID,"1999-11-18 00:00:00",M,23,129,BOG-86
CC,995099993994437437437,FEIJOO,RAMIREZ,JAIME,ALBERTO,"1975-03-06 00:00:00",M,48,71.4,CAL-87
CC,314211999438438438,GARCIA,NULL,OLGA,LUCIA,"1974-02-16 00:00:00",F,49,72,MED-88
CC,111299659963439439439,MONTES,OLARTE,NONE,ALBERTO,"1988-06-01 00:00:00",M,34,109,BOG-87
CC,11129993424440440440,VEGA,GONZALEZ,DANIEL,ALEJANDRO,"1999-04-28 00:00:00",M,23,91,CAL-88
CC,11129962439441441441,RENTERIA,NULL,VANESSA,ALEJANDRA,"1987-05-04 00:00:00",F,35,72,MED-89
CC,164996326442442442,CAICEDO,ORTIZ,SEGUNDO,GUILLERMO,"1960-01-02 00:00:00",M,63,82,BOG-88
CC,1041351365443443443,PALACIO,MUOZ,HELMER,ELIAS,"1999-09-17 00:00:00",M,23,68,CAL-89
CC,11129959011444444444,PARRA,TRIANA,CESAR,AUGUSTO,"1986-06-19 00:00:00",M,36,67,MED-90
CC,111299814599445445445,VELEZ,PEREZ,ANDRES,FELIPE,"1994-03-27 00:00:00",M,29,60,BOG-89
CC,102296099446446446,ESTRADA,ALVAREZ,NONE,JULIAN,"1954-05-23 00:00:00",M,68,84.3,CAL-90
CC,1088358108447447447,POTES,CIFUENTES,NONE,ISABELA,"1999-11-29 00:00:00",F,23,73,MED-91
CC,31429165448448448,GIRALDO,VERGARA,NONE,AMPARO,"1954-07-03 00:00:00",F,68,48.9,BOG-90
CC,314369951449449449,RAMIREZ,MOLINA,ISABEL,CRISTINA,"1985-09-21 00:00:00",F,37,63,CAL-91
CC,1622099199450450450,ARANGO,UTIMA,NABOR,ARCANGEL,"1967-05-08 00:00:00",M,55,67,MED-92
CC,62824899451451451,HOLGUIN,CARMONA,JORGE,MARIO,"1979-11-20 00:00:00",M,43,89.7,BOG-91
CC,6380100452452452,CASTAEDA,MONROY,RODELFI,ERNEY,"1941-07-06 00:00:00",M,81,64.8,CAL-92
CC,11129962556453453453,RESTREPO,HERRERA,YURI,MARCELA,"1987-08-01 00:00:00",F,35,52,MED-93
CC,162309990454454454,AGUDELO,HOYOS,HUGO,MAURICIO,"1976-06-22 00:00:00",M,46,88,BOG-92
CC,25599920455455455,CARDONA,JARAMILLO,LUIS,NORBERTO,"1944-06-06 00:00:00",M,78,69.2,CAL-93
CC,29156800456456456,CIFUENTES,NULL,MARIA,YOLANDA,"1969-06-07 00:00:00",F,53,62.4,MED-94
CC,31428096457457457,ARANGO,JIMENEZ,SANDRA,MILENA,"1978-08-20 00:00:00",F,44,62,BOG-93
CC,162154995458458458,CORRALES,NONE,NONE,HEVER,"1961-12-24 00:00:00",M,61,72,CAL-94
CC,292809499459459459,ARIAS,"DE RICARDO",NONE,DAMELIA,"1946-09-12 00:00:00",F,76,63.9,MED-95
CC,111299992251460460460,HENAO,ALZATE,LINA,MARCELA,"1991-02-01 00:00:00",F,32,56,BOG-94
CC,314099419461461461,DELGADO,OCHOA,NONE,MIRIAM,"1957-11-01 00:00:00",F,65,60,CAL-95
CC,111299992595462462462,LOPEZ,ZAPATA,YUDY,VANESA,"1991-02-21 00:00:00",F,32,52,MED-96
CC,31396503463463463,RANGEL,ARIAS,MARIA,RUBIELA,"1956-10-18 00:00:00",F,66,55.4,BOG-95
CC,1088018026464464464,MARIN,ALVAREZ,KAROL,ANYE,"1994-03-24 00:00:00",F,29,100,CAL-96
CC,29155625465465465,LOAIZA,"DE SALAZAR",MARIELA,SOCORRO,"1960-11-29 00:00:00",F,62,73,MED-97
CC,31418123466466466,CIFUENTES,RIOS,BEATRIZ,EUGENIA,"1971-12-24 00:00:00",F,51,61,BOG-96
CC,31428458467467467,MOLINA,GARCIA,CLAUDIA,MILENA,"1979-10-04 00:00:00",F,43,79.1,CAL-97
CC,293805999468468468,GIRALDO,"DE CAAS",MARIA,RUTH,"1944-12-07 00:00:00",F,78,57.5,MED-98
CC,14568925469469469,CASTRO,MORATO,JUVAN,MANUEL,"1983-06-10 00:00:00",M,39,71,BOG-97
CC,16214163470470470,TORRES,NAVAL,LUIS,ALBERTO,"1961-10-10 00:00:00",M,61,62.2,CAL-98
CC,29620911471471471,ARCILA,URIBE,LUZ,MARINA,"1958-03-07 00:00:00",F,65,62.6,MED-99
CC,162239933472472472,QUICENO,OROZCO,OSCAR,AUGUSTO,"1969-09-20 00:00:00",M,53,67,BOG-98
CC,389990669473473473,LOAIZA,SEPULVEDA,SANDRA,PATRICIA,"1982-04-20 00:00:00",F,40,58,CAL-99
CC,29158445474474474,RIOS,BEDOYA,NONE,LESBIA,"1977-09-14 00:00:00",F,45,69,MED-100
CC,162299964475475475,GARCIA,BOTERO,JOSE,LLOVANI,"1974-10-25 00:00:00",M,48,69,MZL-04
CC,292209942476476476,OSORIO,"DE HENAO",MARTA,INES,"1947-07-28 00:00:00",F,75,76,ARM-05
CC,942996665477477477,PATIO,JARAMILLO,LEONARDO,FABIO,"1983-12-08 00:00:00",M,39,80,MZL-05
CC,11144599168478478478,MORALES,OSORIO,KAROL,VIVIANA,"1995-04-09 00:00:00",F,27,76,ARM-06
CC,145688995479479479,ZAPATA,BERMUDEZ,HECTOR,ANDRES,"1983-07-06 00:00:00",M,39,77,MZL-06
CC,10693054990480480480,SANCHEZ,PEA,LEIDY,NATALY,"1996-04-28 00:00:00",F,26,73.9,ARM-07
CC,24991056481481481,PUERTA,MARQUEZ,NONE,HEDILBERTO,"1964-08-14 00:00:00",M,58,91.5,MZL-07
CC,31416315482482482,BEDOYA,ESCOBAR,ALBA,ROSA,"1962-08-27 00:00:00",F,60,65.8,ARM-08
CC,31404911483483483,RODAS,JARAMILLO,NONE,LETICIA,"1962-11-08 00:00:00",F,60,93.4,MZL-08
CC,98639140484484484,ECHEVERRI,MESA,EDISON,ALBERTO,"1980-01-29 00:00:00",M,43,66,ARM-09
CC,1112999959992485485485,MARULANDA,BEDOYA,NONE,SILVANA,"1992-05-07 00:00:00",F,30,101,MZL-09
CC,145995456486486486,SANTIBAEZ,ALZATE,NONE,ANDRES,"1973-12-18 00:00:00",M,49,77,ARM-10
CC,35939964487487487,PALACIO,VILLADA,ROBIN,JESUS,"1981-10-05 00:00:00",M,41,106,MZL-10
CC,314099599488488488,ESCOBAR,YEPES,OLGA,LILIA,"1960-04-15 00:00:00",F,62,64,ARM-11
CC,416453993489489489,VULFERSTHAWSKY,URREA,OLID,MARIA,"1954-05-01 00:00:00",F,68,62,MZL-11
CC,29383365490490490,VILLEGAS,LOPEZ,NONE,TERESITA,"1951-07-05 00:00:00",F,71,52,ARM-12
CC,14565221491491491,BUITRAGO,GARCIA,JOSE,ISRAEL,"1980-11-03 00:00:00",M,42,88,MZL-12
CC,1006316392492492492,LONDOO,ACEVEDO,YIZETH,LEANDRA,"2000-04-26 00:00:00",F,22,53.7,ARM-13
CC,111299998933493493493,PEREZ,RESTREPO,JOSE,MANUEL,"1993-05-16 00:00:00",M,29,105,MZL-13
CC,16224684494494494,AVILES,PALACIO,JHON,FREDY,"1969-07-23 00:00:00",M,53,112,ARM-14
CC,42061182495495495,GARCIA,RAMIREZ,MARTA,LESBIA,"1951-12-25 00:00:00",F,71,66,MZL-14
CC,164991868496496496,ACEVEDO,RAYO,GUSTAVO,JESUS,"1956-02-08 00:00:00",M,67,73.1,ARM-15
CC,31429849497497497,SANCHEZ,CASTAO,PAULA,ANDREA,"1981-01-24 00:00:00",F,42,64,MZL-15
CC,1459904199498498498,RAMIREZ,GALLEGO,NONE,FLORENTINO,"1984-09-13 00:00:00",M,38,69,ARM-16
CC,24654231499499499,ARIAS,"DE GARCIA",NONE,OLIVA,"1934-03-06 00:00:00",F,89,57,MZL-16
CC,3140995099500500500,BLANDON,MONTOYA,MARIA,CONSUELO,"1957-04-24 00:00:00",F,65,71,ARM-17
CC,10899555645501501501,VELEZ,GOMEZ,MARIA,FERNANDA,"1992-04-09 00:00:00",F,30,83,MZL-17
CC,31405498502502502,ARANGO,MORALES,ALBA,LUCIA,"1961-11-27 00:00:00",F,61,48,ARM-18
CC,43499350503503503,PALACIO,OLAYA,NONE,FRANCISNEY,"1960-10-10 00:00:00",M,62,64,MZL-18
CC,16213858504504504,CESPEDES,GARCIA,NONE,ALVARO,"1958-09-16 00:00:00",M,64,89.2,ARM-19
CC,31421403505505505,ROJAS,CARDONA,ANA,MARIA,"1972-10-16 00:00:00",F,50,58,MZL-19
CC,16212158506506506,GIRALDO,GOMEZ,NONE,GUILLERMO,"1960-04-26 00:00:00",M,62,65,ARM-20
CC,94316948507507507,GOMEZ,ZAPATA,NONE,SERGIO,"1973-07-18 00:00:00",M,49,71.7,MZL-20
CC,31405491508508508,GARCIA,GOMEZ,LIDA,PATRICIA,"1961-02-25 00:00:00",F,62,64,ARM-21
CC,62439954509509509,MEDINA,NULL,NONE,ELIECER,"1945-11-23 00:00:00",M,77,79,MZL-21
CC,648199599510510510,RIVERA,ZAPATA,MARIO,JESUS,"1964-05-26 00:00:00",M,58,62,ARM-22
CC,1113858263511511511,AGUDELO,REYES,NONE,SEBASTIAN,"2004-02-01 00:00:00",M,19,110,MZL-22
CC,18595614512512512,AGUDELO,GALEANO,JESUS,HILDEBRANDO,"1969-06-06 00:00:00",M,53,87.7,ARM-23
CC,62329990513513513,URREGO,AGUILERA,JOSE,SANTOS,"1937-09-17 00:00:00",M,85,58,MZL-23
CC,31399626514514514,LOPEZ,OSPINA,ALBA,LUCIA,"1958-04-11 00:00:00",F,64,50,ARM-24
CC,16229241515515515,TORO,MUOZ,JHON,FABER,"1973-06-07 00:00:00",M,49,66.4,MZL-24
CC,6244409516516516,GARCIA,TORO,NONE,HELI,"1947-06-19 00:00:00",M,75,65,ARM-25
CC,314359941517517517,GARCIA,ZAPATA,SANDRA,MARCELA,"1985-02-01 00:00:00",F,38,57,MZL-25
CC,1623499994518518518,RODRIGUEZ,LONDOO,NONE,EDGAR,"1978-08-18 00:00:00",M,44,82,ARM-26
CC,385804994519519519,GOMEZ,GOMEZ,CLARA,INES,"1973-12-22 00:00:00",F,49,53.7,MZL-26
CC,10935339963520520520,AGUDELO,RIOS,HERNEY,DAVID,"1987-11-29 00:00:00",M,35,99,ARM-27
CC,29449999299521521521,JARAMILLO,RODAS,ALBA,JANETH,"1959-12-20 00:00:00",F,63,54.2,MZL-27
CC,24413035522522522,GAVIRIA,RUIZ,MARIA,ANGELICA,"1963-11-19 00:00:00",F,59,65.5,ARM-28
CC,36304339523523523,PATIO,PALMA,SANDRA,MILENA,"1981-04-28 00:00:00",F,41,88,MZL-28
CC,100993899188524524524,ESCOBAR,RIOS,ANGI,DANIELA,"2000-11-17 00:00:00",F,22,49.9,ARM-29
CC,10062465399525525525,QUINTERO,MONTOYA,VICTOR,MANUEL,"2000-03-07 00:00:00",M,23,79,MZL-29
CC,10116816526526526,BURITICA,TABARES,NONE,ALVARO,"1965-01-14 00:00:00",M,58,78,ARM-30
CC,16208884527527527,AGRADO,PINO,NORBERTO,ANTONIO,"1957-10-31 00:00:00",M,65,78.7,MZL-30
CC,4380401528528528,OSPINA,DUQUE,NONE,RAUL,"1970-07-20 00:00:00",M,52,57,ARM-31
CC,31403841529529529,RESTREPO,PULGARIN,LUZ,AMPARO,"1959-11-02 00:00:00",F,63,81,MZL-31
CC,16220113530530530,TOBON,AGUDELO,NONE,HERNANDO,"1966-04-07 00:00:00",M,56,72,ARM-32
CC,16232900531531531,RODRIGUEZ,GOMEZ,NONE,RODRIGO,"1977-08-10 00:00:00",M,45,84,MZL-32
CC,314215996532532532,TABARES,MARIN,MARIA,ESMERALDA,"1974-04-12 00:00:00",F,48,83,ARM-33
CC,213869940533533533,GARCIA,CORREA,BEATRIZ,HELENA,"1958-08-10 00:00:00",F,64,72.4,MZL-33
CC,1114399282534534534,GIRALDO,CORRALES,LEIDY,JOHANA,"1989-02-13 00:00:00",F,34,68.9,ARM-34
CC,1114089345535535535,GIRALDO,GOMEZ,NONE,ALEXANDRA,"1987-06-04 00:00:00",F,35,66.4,MZL-34
CC,9992888536536536,ESTRADA,ARROYAVE,JORGE,OCTAVIO,"1968-01-03 00:00:00",M,55,59,ARM-35
CC,11129964255537537537,SERNA,VARGAS,MARIA,FERNANDA,"1988-05-02 00:00:00",F,34,82,MZL-35
CC,420026999538538538,BERMUDEZ,ESCOBAR,MARIA,AMPARO,"1957-07-22 00:00:00",F,65,87,ARM-36
CC,29394605539539539,AGUIRRE,GOMEZ,NONE,LUCY,"1964-07-30 00:00:00",F,58,71.4,MZL-36
CC,111299699504540540540,GIRALDO,AGUDELO,ANDRES,FELIPE,"1988-12-25 00:00:00",M,34,73,ARM-37
CC,29156816541541541,MARIN,JARAMILLO,MARIA,LILIANA,"1969-01-17 00:00:00",F,54,68,MZL-37
CC,11129993999542542542,TOBON,MARIN,NONE,ISABELLA,"1999-08-10 00:00:00",F,23,70,ARM-38
CC,31411960543543543,LOPEZ,PATIO,GLORIA,ELENA,"1967-09-13 00:00:00",F,55,63,MZL-38
CC,31414612544544544,MARTINEZ,LONDOO,MARIA,ISABEL,"1969-07-30 00:00:00",F,53,99,ARM-39
CC,1112999919986545545545,LLANOS,OROZCO,MARIA,FERNANDA,"1990-12-05 00:00:00",F,32,52,MZL-39
CC,11129965238546546546,GIRALDO,OSORIO,JOHAN,MAURICIO,"1988-09-16 00:00:00",M,34,68,ARM-40
CC,16226010547547547,GOMEZ,ASITIMBAY,NONE,ADOLFO,"1969-06-19 00:00:00",M,53,51,MZL-40
CC,162063699548548548,MONTOYA,OBANDO,JOSE,RICAURTE,"1951-04-18 00:00:00",M,71,75,ARM-41
CC,311359986549549549,FRANCO,"DE BALDION",NONE,LEONILDE,"1949-07-14 00:00:00",F,73,63,MZL-41
CC,439249999550550550,COLORADO,CALVO,ABIECER,ANTONIO,"1955-03-20 00:00:00",M,68,73.4,ARM-42
CC,314299165551551551,MOSQUERA,VALENCIA,NONE,LUCELLY,"1978-09-06 00:00:00",F,44,74,MZL-42
CC,291599402552552552,CARMONA,BUITRAGO,MARIA,CARMEN,"1961-10-29 00:00:00",F,61,64,ARM-43
PT,1366915553553553,MORENO,SUAREZ,JANETH,COROMOTO,"1978-10-15 00:00:00",F,44,98,MZL-43
CC,6119251554554554,JIMENEZ,CASTRILLON,NONE,SOEL,"1980-08-28 00:00:00",M,42,124,ARM-44
CC,314221999555555555,TAFUR,MARLES,MARIA,ELENA,"1974-01-13 00:00:00",F,49,76.2,MZL-44
CC,19233139556556556,LOPERA,OCHOA,NONE,JORGE,"1953-11-17 00:00:00",M,69,79,ARM-45
CC,14565339557557557,GARCIA,MARIN,JOHNNIER,ALEXANDER,"1980-10-31 00:00:00",M,42,108.3,MZL-45
CC,111299829900558558558,ZAPATA,PULGARIN,NONE,ALIRIO,"1994-08-04 00:00:00",M,28,82,ARM-46
CC,162291399559559559,PIEDRAHITA,GIRALDO,JHON,HENRY,"1974-09-17 00:00:00",M,48,71,MZL-46
CC,10254023560560560,RESTREPO,VILLADA,FRANCISCO,JAVIER,"1961-10-12 00:00:00",M,61,62,ARM-47
CC,111299900399561561561,SANCHEZ,GONZALEZ,"INGRID ",JULIETH,"1997-07-21 00:00:00",F,25,60,MZL-47
CC,314041998562562562,MARIN,GUTIERREZ,"MARIA ",ELENA,"1959-12-02 00:00:00",F,63,65.5,ARM-48
CC,31406125563563563,VALENCIA,LEMOS,"LUISA ",MARINA,"1962-04-05 00:00:00",F,60,94,MZL-48
CC,29366931564564564,OCAMPO,"VIUDA DE AGUDELO","ANA ",JULIA,"1927-07-14 00:00:00",F,95,42,ARM-49
CC,62399909565565565,ARANGO,CAMACHO,NONE,ALEXANDER,"1979-07-07 00:00:00",M,43,81,MZL-49
CC,31411109566566566,FRANCO,MARIN,"MARIA ",LILIANA,"1966-10-03 00:00:00",F,56,63,ARM-50
CC,1006320636567567567,DURAN,VALENCIA,"YESSICA ",MARCELA,"1998-01-24 00:00:00",F,25,68.3,MZL-50
CC,16224361568568568,TAMAYO,ZULUAGA,"JAIME ",ENRIQUE,"1970-05-16 00:00:00",M,52,103.9,ARM-51
CC,31433868569569569,PARRA,TANGARIFE,"ERICKA ",MILENA,"1983-09-29 00:00:00",F,39,92,MZL-51
CC,1059446499570570570,SEPULVEDA,IDARRAGA,"CRISTIAN ",FERNEY,"1988-12-14 00:00:00",M,34,65,ARM-52
CC,16206609571571571,GONZALEZ,NAVARRO,NONE,WILLIAM,"1955-06-01 00:00:00",M,67,62,MZL-52
CC,16203652572572572,BETANCOURT,GARCIA,"OMAR ",JESUS,"1951-09-24 00:00:00",M,71,78,ARM-53
CC,1621999915573573573,SALAZAR,MALDONADO,NONE,WILSON,"1964-03-30 00:00:00",M,59,87.9,MZL-53
CC,42056150574574574,GRANADA,SOTO,"LUZ ",EUGENIA,"1958-04-14 00:00:00",F,64,79,ARM-54
CC,13468194575575575,RODRIGUEZ,GALEANO,NONE,BENJAMIN,"1963-05-12 00:00:00",M,59,66,MZL-54
CC,38868850576576576,SANCHEZ,ARENAS,"MARTHA ",MILENA,"1968-01-11 00:00:00",F,55,59.7,ARM-55
CE,12248499577577577,ARCINIEGA,STARKE,"RENE ",LIBORIO,"1953-01-08 00:00:00",M,70,64,MZL-55
CC,986991092578578578,RAMIREZ,VILLEGAS,"NESTOR ",RAUL,"1979-10-01 00:00:00",M,43,88,ARM-56
CC,995035510579579579,MUOZ,NULL,"NELSON ",IVAN,"1963-02-10 00:00:00",M,60,56,MZL-56
CC,669953188580580580,TORO,LOPEZ,"DIANA ",MARIA,"1979-03-09 00:00:00",F,44,77,ARM-57
CC,291381993581581581,GONZALEZ,CUELLAR,"YULY ",ANDREA,"1983-08-17 00:00:00",F,39,71,MZL-57
CC,41932358582582582,LOPEZ,MARTINEZ,"FRANCY ",MILENA,"1975-03-21 00:00:00",F,48,69,ARM-58
CC,31405568583583583,VALENCIA,"DE PERDOMO","LUZ ",MARINA,"1955-11-25 00:00:00",F,67,61,MZL-58
CC,162299829584584584,TOVAR,GUTIERREZ,NONE,MAURICIO,"1973-06-19 00:00:00",M,49,70.7,ARM-59
CC,100589963585585585,GIRALDO,OSPINA,"JUAN ",ALBEIRO,"1946-09-09 00:00:00",M,76,85,MZL-59
CC,1004911035586586586,VEGA,CASTAEDA,"LEIDY ",MARIANA,"2001-07-18 00:00:00",F,21,70,ARM-60
CC,434899521587587587,ZAPATA,CARTAGENA,"ANGELA ",PATRICIA,"1968-04-09 00:00:00",F,54,63,MZL-60
CC,313980992588588588,OLAYA,VILLA,NONE,OLGA,"1953-11-15 00:00:00",F,69,77,ARM-61
CC,995001109589589589,DUQUE,RAMIREZ,NONE,EDILBERTO,"1965-11-18 00:00:00",M,57,61,MZL-61
CC,16218128590590590,CARDONA,PATIO,"ALVENY ",JESUS,"1965-02-13 00:00:00",M,58,78.1,ARM-62
CC,3023399999591591591,GUERRERO,CARDENAS,"ALEJANDRA ",YISENIA,"1982-09-04 00:00:00",F,40,63.5,MZL-62
CC,34055916592592592,AMAYA,POSADA,"MARIA ",EUGENIA,"1955-07-10 00:00:00",F,67,59,ARM-63
CC,31894236593593593,GARCIA,AGUDELO,"MARIA ",YOLANDA,"1962-08-03 00:00:00",F,60,93.4,MZL-63
CC,162193499594594594,TORRES,PALACIO,NONE,ROBERTO,"1966-02-26 00:00:00",M,57,96,ARM-64
CC,29466460595595595,ARISTIZABAL,"DE GUERRERO","ANA ",ISABEL,"1935-06-02 00:00:00",F,87,67.9,MZL-64
CC,263861599596596596,VARGAS,ZAPATA,"ANA ",LUCIA,"1965-11-27 00:00:00",F,57,69,ARM-65
PT,1326463597597597,GUAICARA,ESPINOZA,"CRISTHIAN ",JOSE,"1990-07-28 00:00:00",M,32,62,MZL-65
CC,111299851199598598598,MARTINEZ,ARIAS,"MARIA ",ALEJANDRA,"1995-07-14 00:00:00",F,27,60,ARM-66
PT,49909245599599599,FARFAN,PEREZ,"ROSANGELA ",EMPERATRIZ,"1985-09-07 00:00:00",F,37,77.3,MZL-66
CC,9998013899600600600,BOLIVAR,LOPEZ,"NELSON ",ALFREDO,"1976-08-07 00:00:00",M,46,97,ARM-67
CC,31401816601601601,VILLEGAS,NULL,NONE,MYRIAM,"1960-02-20 00:00:00",F,63,49,MZL-67
CC,4859815602602602,AGUDELO,ARBOLEDA,"LUIS ",CARLOS,"1961-08-24 00:00:00",M,61,80,ARM-68
CC,31435250603603603,ECHEVERRI,JIMENEZ,"CLAUDIA ",MARCELA,"1984-10-11 00:00:00",F,38,61,MZL-68
CC,809916364604604604,RESTREPO,GAVIRIA,"CARLOS ",ALBERTO,"1983-04-11 00:00:00",M,39,70,ARM-69
CC,14568639605605605,MUOZ,QUICENO,NONE,OSWALDO,"1983-05-27 00:00:00",M,39,71.8,MZL-69
CC,293998922606606606,NIETO,GARCIA,NONE,MORELIA,"1943-05-13 00:00:00",F,79,49.8,ARM-70
CC,3141999993607607607,GOMEZ,HERRERA,"OLGA ",LUCIA,"1972-07-15 00:00:00",F,50,58.5,MZL-70
CC,29624688608608608,MOLINA,ARROYAVE,"DIANA ",CAROLINA,"1983-10-08 00:00:00",F,39,60,ARM-71
CC,11129993696609609609,ORTIZ,CARDENAS,NONE,NATALIA,"1999-06-26 00:00:00",F,23,55,MZL-71
CC,16222820610610610,PELAEZ,GRISALES,"JOHN ",JAIRO,"1968-01-02 00:00:00",M,55,61,ARM-72
CC,145991663611611611,PEREZ,FRANCO,"GUSTAVO ",ADOLFO,"1985-04-26 00:00:00",M,37,90,MZL-72
CC,23619819612612612,LEIVA,ROJAS,NONE,BENEDICTA,"1948-01-06 00:00:00",F,75,46,ARM-73
CC,299981316613613613,ARBOLEDA,ROSERO,"RUTH ",CECILIA,"1966-07-27 00:00:00",F,56,54,MZL-73
CC,69021894614614614,CORTES,VALLEJO,"MONICA ",SENEIDA,"1982-07-30 00:00:00",F,40,70.5,ARM-74
CC,10106665615615615,SALAZAR,GOMEZ,"MANUEL ",JOSE,"1962-04-09 00:00:00",M,60,97,MZL-74
CC,14566034616616616,PIEDRAHITA,GAMBOA,"JHONNYER ",RODRIGO,"1981-06-29 00:00:00",M,41,101,ARM-75
PT,51899156617617617,PEREZ,MARQUEZ,"JEAN ",CARLOS,"1988-07-12 00:00:00",M,34,67,MZL-75
CC,24321545618618618,CASTAEDA,RUIZ,NONE,IRENE,"1958-04-21 00:00:00",F,64,83,ARM-76
CC,10226922619619619,ARROYAVE,NONE,NONE,SILVIO,"1952-03-26 00:00:00",M,71,71,MZL-76
CC,111299992602620620620,ORTIZ,TAMAYO,"LAURA ",MELISSA,"1991-03-15 00:00:00",F,32,70,ARM-77
CC,24990592621621621,RAMIREZ,PALACIO,"LEON ",DARIO,"1962-04-05 00:00:00",M,60,73,MZL-77
CC,25034605622622622,SERNA,MARULANDA,"MARIA ",ARACELLY,"1949-05-13 00:00:00",F,73,45,ARM-78
CC,4019999864623623623,LOPEZ,FRANCO,"BLANCA ",ESTRELLA,"1959-04-29 00:00:00",F,63,54.5,MZL-78
CC,2984996299624624624,HERNANDEZ,"DE OROZCO","MARIA ",LUZMILA,"1941-04-28 00:00:00",F,81,51,ARM-79
CC,1053804566625625625,PINO,RESTREPO,NONE,SANTIAGO,"1990-08-14 00:00:00",M,32,107,MZL-79
CC,31418151626626626,ACEVEDO,UPEGUI,NONE,MERY,"1965-12-14 00:00:00",F,57,67,ARM-80
CC,11129958151627627627,ARIAS,GRAJALES,OSCAR,EDUARDO,"1986-01-04 00:00:00",M,37,88,MZL-80
CC,1088262439628628628,AGUDELO,CESPEDES,LISBETH,MARCELA,"1988-08-30 00:00:00",F,34,68,ARM-81
CC,11069984081629629629,LOMBANA,MEDINA,NONE,YILMER,"1994-07-12 00:00:00",M,28,68.2,MZL-81
CC,111823990299630630630,AGUDELO,PINEDA,CARLOS,ANDRES,"1996-07-20 00:00:00",M,26,53.4,ARM-82
CC,31420543631631631,AGUIRRE,SERNA,NONE,MILLERLAY,"1972-11-30 00:00:00",F,50,66,MZL-82
CC,1114148488632632632,AGUDELO,SUAZA,SARA,MELISSA,"2004-03-05 00:00:00",F,19,82.3,ARM-83
CC,669968232633633633,ERAZO,MUOZ,LUZ,ELENA,"1969-01-01 00:00:00",F,54,68,MZL-83
CC,629951990634634634,RESTREPO,QUINCHIA,EDUARDO,ANTONIO,"1966-09-18 00:00:00",M,56,65,ARM-84
CC,10490208635635635,PEREZ,GUTIERREZ,NONE,ARLES,"1975-11-11 00:00:00",M,47,89,MZL-84
CC,11138990419636636636,GUTIERREZ,RAMIREZ,NONE,SANTIAGO,"2004-03-21 00:00:00",M,19,86,ARM-85
CC,11129982312637637637,PEREZ,AYALA,ASHLYN,VIVIANA,"1994-07-17 00:00:00",F,28,68.4,MZL-85
CC,1116432565638638638,MOSQUERA,NOGUERA,MIRIAN,FERNANDA,"1996-01-03 00:00:00",F,27,66,BOG-01
CC,25181099639639639,CORREA,RESTREPO,SANDRA,PATRICIA,"1982-12-01 00:00:00",F,40,51,CTN-06
CC,11129994694640640640,GALLEGO,OSORIO,NONE,DANIELA,"1999-10-06 00:00:00",F,23,64.9,BOG-02
CC,16216046641641641,RESTREPO,JARAMILLO,NONE,JAIRO,"1963-02-21 00:00:00",M,60,78.7,CTN-07
CC,10199208238642642642,JIMENEZ,OSPINA,HECTOR,ALONSO,"1993-02-24 00:00:00",M,30,56,BOG-03
CC,24512304643643643,RODRIGUEZ,NONE,DORA,LILIA,"1973-08-04 00:00:00",F,49,85,CTN-08
CC,1003889034644644644,RENDON,MOSQUERA,YEILER,ANDRES,"2000-08-04 00:00:00",M,22,83,BOG-04
CC,111299999398645645645,CHAVERRA,DIAZ,KAREN,YULIANA,"1993-05-23 00:00:00",F,29,95,CTN-09
CC,26386642646646646,ORREGO,BENJUMEA,MARIA,DURFARI,"1975-03-08 00:00:00",F,48,53,BOG-05
CC,313999538647647647,DUQUE,LLANO,OLGA,LUCIA,"1955-02-05 00:00:00",F,68,55,CTN-10
CC,16639251648648648,GIRALDO,MEJIA,JORGE,DURFAY,"1958-06-10 00:00:00",M,64,82,BOG-06
CC,11141485995649649649,RIVAS,REYES,NONE,SANTIAGO,"2004-04-20 00:00:00",M,18,70,CTN-11
CC,1113858260650650650,LOPEZ,DOMINGUEZ,KELLY,FABIANA,"2004-01-14 00:00:00",F,19,45.6,BOG-07
CC,11129988164651651651,GUTIERREZ,JORDAN,NONE,DANIELA,"1996-09-12 00:00:00",F,26,72.4,CTN-12
CC,16210829652652652,VELEZ,SERNA,WILLIAM,JESUS,"1959-06-27 00:00:00",M,63,92,BOG-08
CC,94351044653653653,CORREA,CASTRILLON,JHON,FREDY,"1975-08-12 00:00:00",M,47,116,CTN-13
CC,1114819599654654654,OSPINA,REYES,NONE,STEFHANIA,"1989-04-29 00:00:00",F,33,63.7,BOG-09
PT,699288199655655655,NARVAEZ,ANDRADE,RINA,ROMINA,"1986-06-28 00:00:00",F,36,75,CTN-14
CC,162225995656656656,GIRALDO,GUERRERO,JHON,FREDY,"1968-06-25 00:00:00",M,54,79,BOG-10
CC,31426323657657657,AGUDELO,RIOS,LUZ,ENYTH,"1978-08-28 00:00:00",F,44,50,CTN-15
CC,29382626658658658,VELEZ,ORREGO,CARMEN,ELENA,"1952-03-24 00:00:00",F,71,60,BOG-11
CC,16210034659659659,GUANES,LOPEZ,NONE,ALBERTO,"1959-03-15 00:00:00",M,64,64,CTN-16
CC,32521942660660660,SANCHEZ,RAMIREZ,NONE,OLIVA,"1953-11-04 00:00:00",F,69,62.4,BOG-12
CC,1113858492661661661,MONTOYA,SERNA,LUZ,DAHIANA,"2004-05-10 00:00:00",F,18,43,CTN-17
CC,313999345662662662,GRAJALES,CARDONA,MARIA,ESPERANZA,"1954-10-14 00:00:00",F,68,56,BOG-13
CC,31496610663663663,CHICA,CORTES,MARIA,LILIANA,"1966-12-19 00:00:00",F,56,59.2,CTN-18
CC,11129984690664664664,GARCIA,PATIO,OSWALDO,ANDRES,"1995-04-16 00:00:00",M,27,81,BOG-14
CC,1114148549665665665,LLANOS,TORO,NONE,SANTIAGO,"2004-04-19 00:00:00",M,18,66,CTN-19
CC,29383936666666666,RIVERA,NONE,LUZ,MARY,"1951-07-25 00:00:00",F,71,61,BOG-15
CC,162109995667667667,ARIAS,ALZATE,DIEGO,ALONSO,"1957-09-10 00:00:00",M,65,69.5,CTN-20
CC,98665320668668668,LOPEZ,SOTO,JOSE,MAURICIO,"1978-07-17 00:00:00",M,44,101,BOG-16
CC,31435335669669669,GIRALDO,RAMIREZ,LIANA,CRISTINA,"1984-08-24 00:00:00",F,38,63.7,CTN-21
CC,162346599670670670,PIEDRAHITA,ALZATE,NONE,WILLIAM,"1979-04-14 00:00:00",M,43,73,BOG-17
CC,1114211804671671671,JIMENEZ,RIVAS,NONE,ESTEBAN,"1995-06-27 00:00:00",M,27,81.3,CTN-22
CC,16221539672672672,GARCIA,RESTREPO,JOSE,ASMED,"1967-05-01 00:00:00",M,55,73,BOG-18
CC,10063088996673673673,SALAZAR,ARMERO,KEVIN,ALBERTO,"2001-12-20 00:00:00",M,21,94,CTN-23
CC,111499285992674674674,QUIROZ,VARGAS,LINA,MARCELA,"1988-11-16 00:00:00",F,34,67,BOG-19
CC,629931399675675675,LOPEZ,SERNA,NONE,FERNEY,"1959-05-30 00:00:00",M,63,80,CTN-24
CC,111299996562676676676,BENITEZ,CASTAO,JUAN,PABLO,"1992-07-23 00:00:00",M,30,85,BOG-20
CC,29619069677677677,CASTILLO,SABOGAL,MARIA,ADALGISA,"1931-09-06 00:00:00",F,91,57,CTN-25
CC,31422281678678678,RUIZ,LOPEZ,SANDRA,LORENA,"1975-03-19 00:00:00",F,48,68,BOG-21
CC,314329899679679679,ECHEVERRY,ARREDONDO,INGRID,JOHANNA,"1983-02-24 00:00:00",F,40,89,CTN-26
CC,314294994680680680,VELASQUEZ,MARIN,MARIA,ISABEL,"1980-06-12 00:00:00",F,42,84,BOG-22
CC,11129962803681681681,MOJICA,RAMIREZ,HECTOR,FABIO,"1987-10-19 00:00:00",M,35,87,CTN-27
CC,4860322682682682,GUZMAN,CRUZ,JOSE,EUCADIO,"1971-06-26 00:00:00",M,51,61,BOG-23
CC,162065995683683683,RAMIREZ,GUTIERREZ,NONE,OSWALDO,"1957-10-24 00:00:00",M,65,82,CTN-28
CC,31410669684684684,GUTIERREZ,IDARRAGA,GLORIA,MERCEDES,"1967-02-16 00:00:00",F,56,58,BOG-24
CC,16214155685685685,BOLIVAR,GOMEZ,ORLANDO,ANTONIO,"1961-07-21 00:00:00",M,61,74,CTN-29
CC,31421384686686686,ARBOLEDA,CARDONA,NONE,YASMIN,"1973-06-11 00:00:00",F,49,92,BOG-25
CC,24320483687687687,ESCOBAR,MAZUERA,GLORIA,MATILDE,"1956-07-12 00:00:00",F,66,55,CTN-30
CC,3140992999688688688,VALENCIA,GUTIERREZ,MARIA,LUISA,"1962-09-11 00:00:00",F,60,64,BOG-26
CC,31405659689689689,GARCIA,LLANOS,NONE,NANCY,"1959-08-19 00:00:00",F,63,62,CTN-31
CC,31436382690690690,MOLINA,ALVAREZ,NONE,JOHANA,"1985-06-23 00:00:00",F,37,73,BOG-27
CC,31431135691691691,VILLEGAS,LUJAN,LEIDY,DIANA,"1982-01-08 00:00:00",F,41,60,CTN-32
CC,31399596692692692,GIRALDO,GOMEZ,GLORIA,AMPARO,"1958-12-03 00:00:00",F,64,55.6,BOG-28
CC,16224898693693693,BURBANO,SANDOVAL,FABIO,HERNAN,"1970-11-14 00:00:00",M,52,75,CTN-33
CC,1085918086694694694,CORTES,SANCHEZ,GLADYS,ADRIANA,"1990-02-10 00:00:00",F,33,78,BOG-29
CC,299899944695695695,HOYOS,"DE SALAZAR",NONE,CONSUELO,"1943-05-17 00:00:00",F,79,43,CTN-34
CC,162238899696696696,BARCENAS,IBARRA,JESUS,MARIA,"1969-04-24 00:00:00",M,53,92,BOG-30
CC,1622999944697697697,JIMENEZ,VALENCIA,JOSE,EUGENIO,"1971-09-28 00:00:00",M,51,87.6,CTN-35
CC,16231914698698698,ZAPATA,VARGAS,JOHN,HENRY,"1977-02-05 00:00:00",M,46,73,BOG-31
CC,11258123199699699699,PEREZ,NONE,NONE,SEBASTIAN,"1999-12-30 00:00:00",M,23,51,CTN-36
CC,31403952700700700,TOBON,MORALES,MARIA,PATRICIA,"1962-03-23 00:00:00",F,61,74.6,BOG-32
CC,314023996701701701,CANDELA,MONTILLO,ALBA,LUCIA,"1957-01-08 00:00:00",F,66,77.2,CTN-37
CC,10034126702702702,VILLADA,ESCOBAR,WILLIAM,GEOVANY,"1976-08-06 00:00:00",M,46,71,BOG-33
CC,2524929999703703703,RAMIREZ,OSPINA,CLAUDIA,PATRICIA,"1981-09-18 00:00:00",F,41,69.1,CTN-38
CC,99938594704704704,AYALA,MARIN,JORGE,ANDRES,"1983-10-19 00:00:00",M,39,91,BOG-34
CC,6680299999705705705,CUBIDES,FEIJOO,SANDRA,JHOHANA,"1977-09-01 00:00:00",F,45,72,CTN-39
CC,29392296706706706,DUQUE,SUAREZ,MARIA,FABIOLA,"1949-06-27 00:00:00",F,73,75,BOG-35
CC,1006318552707707707,CORRALES,GARCIA,EDINSON,DAVID,"2000-10-17 00:00:00",M,22,74,CTN-40
CC,1112996599999708708708,ROMAN,VERGARA,NONE,YHENIFER,"1988-12-07 00:00:00",F,34,58,BOG-36
CC,11129981352709709709,LOAIZA,HERRERA,ELIANA,ALEJANDRA,"1994-02-08 00:00:00",F,29,68,CTN-41
CC,10063189903710710710,RAMIREZ,DAZA,YISELLE,CAMILA,"2001-04-14 00:00:00",F,21,97,BOG-37
CC,4335806711711711,CARVAJAL,VALENCIA,JESUS,ANTONIO,"1956-10-14 00:00:00",M,66,65.6,CTN-42
CC,42158343712712712,RESTREPO,AGUDELO,MARIA,ELENA,"1983-05-29 00:00:00",F,39,72,BOG-38
CC,31499113713713713,SIERRA,FACUNDO,LUISA,FERNANDA,"1982-10-12 00:00:00",F,40,51.2,CTN-43
CC,30298946714714714,CORTES,HERRERA,BLANCA,NUBIA,"1965-05-14 00:00:00",F,57,78,BOG-39
CC,314159952715715715,MURILLO,OSORIO,GLORIA,ELENA,"1969-06-12 00:00:00",F,53,84,CTN-44
CC,6550529716716716,OCAMPO,VIDAL,NONE,EDWIN,"1983-07-23 00:00:00",M,39,84,BOG-40
CC,29393392717717717,VALENCIA,ESPINOSA,NONE,GLORIA,"1952-03-16 00:00:00",F,71,65,CTN-45
CC,314369928718718718,PEA,GOMEZ,SANDRA,LILIANA,"1982-12-05 00:00:00",F,40,56,BOG-41
CC,1459954998719719719,CORRALES,FRANCO,FRANCISCO,JAVIER,"1974-06-29 00:00:00",M,48,75.9,CTN-46
CC,16228923720720720,VELEZ,GALLON,HECTOR,JAIME,"1974-07-29 00:00:00",M,48,81,BOG-42
CC,29381233721721721,VARGAS,ESCOBAR,NONE,ALICIA,"1945-02-10 00:00:00",F,78,68,CTN-47
CC,16206132722722722,AGUDELO,BETANCUR,MIGUEL,ANGEL,"1954-06-09 00:00:00",M,68,60.6,BOG-43
CC,12250890199723723723,GOMEZ,OSPINA,ANDRES,STIVEN,"1997-05-22 00:00:00",M,25,74.7,CTN-48
CC,314135499724724724,TORRES,CARDONA,MARTHA,LUCIA,"1969-03-10 00:00:00",F,54,NULL,BOG-44
CC,385990081725725725,OROZCO,GARZON,LUZ,AMANDA,"1966-11-09 00:00:00",F,56,57.3,CTN-49
CC,82260468726726726,RAMIREZ,MARIN,WILDER,YEDILSON,"1983-12-12 00:00:00",M,39,66,BOG-45
CC,314299069727727727,OREJUELA,LOPEZ,NONE,JACKELINE,"1978-10-02 00:00:00",F,44,66.4,CTN-50
CC,13352999569728728728,RAMIREZ,VELASQUEZ,JOHANNA,MARCELA,"1990-04-08 00:00:00",F,32,82,BOG-46
CC,291599065729729729,RIVERA,RAMIREZ,GLORIA,PATRICIA,"1970-08-16 00:00:00",F,52,70,CTN-51
CC,3140399998730730730,RAMOS,RIAO,NONE,LYDA,"1961-06-21 00:00:00",F,61,96,BOG-47
PT,33899352731731731,HERRERA,OVIEDO,ROSSIO,CELESTE,"1991-08-08 00:00:00",F,31,60,CTN-52
CC,10029918592732732732,CARDONA,PAJOY,JICELA,TATIANA,"2001-07-10 00:00:00",F,21,66,BOG-48
CC,291569903733733733,CASTAO,URIBE,FRANCIA,ELENA,"1967-11-02 00:00:00",F,55,82.7,CTN-53
CC,111299583399734734734,VASQUEZ,ISAZA,ERIKA,JULIETH,"1986-02-21 00:00:00",F,37,66,BOG-49
CC,10099409432735735735,OSORIO,ACOSTA,MAICOL,ALEXANDER,"2002-01-03 00:00:00",M,21,68.7,CTN-54
CC,421499669736736736,HERNANDEZ,SANCHEZ,MARTHA,CECILIA,"1982-04-15 00:00:00",F,40,63,BOG-50
CC,31411695737737737,RESTREPO,CARDONA,MARIA,DOLLY,"1964-12-27 00:00:00",F,58,55,CTN-55
CC,30310823738738738,GOMEZ,GIRALDO,ROSA,ADELA,"1967-01-23 00:00:00",F,56,54,BOG-51
CC,11129969154739739739,MONTOYA,CARDONA,JOHN,WILDER,"1990-01-15 00:00:00",M,33,96.7,CTN-56
CC,111299800994740740740,AGUDELO,CANO,NONE,DANIELA,"1993-10-04 00:00:00",F,29,52,BOG-52
CC,10054899915741741741,OLIVERA,GUTIERREZ,KATTY,YULIETH,"1990-02-10 00:00:00",F,33,66.8,CTN-57
CC,314118990742742742,RODAS,RESTREPO,MARIA,LUCERO,"1964-03-10 00:00:00",F,59,75,BOG-53
CC,31423254743743743,ESCOBAR,VARGAS,MARIA,MERCEDES,"1975-06-30 00:00:00",F,47,67,CTN-58
CC,10539969559744744744,ARCE,MAFLA,MARTHA,ISABEL,"1986-05-07 00:00:00",F,36,65,BOG-54
CC,31436464745745745,VELASQUEZ,FERNANDEZ,LEIDY,JOHANNA,"1984-08-10 00:00:00",F,38,75,CTN-59
CC,314126994746746746,FRANCO,GUEVARA,NONE,MARLELLY,"1967-11-08 00:00:00",F,55,62,BOG-55
CC,16209293747747747,GALLEGO,JARAMILLO,ALVARO,JESUS,"1958-02-19 00:00:00",M,65,75,CTN-60
CC,11141489965748748748,GARCIA,RAMIREZ,NONE,VALERIA,"2004-06-24 00:00:00",F,18,52,BOG-56
CC,11129962245749749749,GOMEZ,OSPINA,HEIDY,JULIANA,"1987-07-25 00:00:00",F,35,98,CTN-61
CC,10339964163750750750,RODRIGUEZ,CANO,LUISA,FERNANDA,"1993-04-29 00:00:00",F,29,105,BOG-57
CC,111299993932751751751,ARBOLEDA,LLANOS,MARLY,YOHANA,"1991-06-05 00:00:00",F,31,75,CTN-62
CC,1459905099752752752,GUTIERREZ,NONE,NONE,FERLEY,"1983-07-14 00:00:00",M,39,79.5,BOG-58
CC,111299699325753753753,JURADO,OROZCO,JESSICA,JOHANNA,"1989-05-28 00:00:00",F,33,81.6,CTN-63
CC,6239950754754754,ORDOEZ,BUITRAGO,JHON,FREDY,"1979-07-27 00:00:00",M,43,68,BOG-59
CC,111299919991755755755,GALLEGO,BERMUDEZ,NONE,YEFERSON,"1998-07-05 00:00:00",M,24,66.6,CTN-64
CC,1459919909756756756,FONSECA,RODAS,DANI,ANDRES,"1985-01-27 00:00:00",M,38,86,BOG-60
CC,3110853757757757,GONZALEZ,VASQUEZ,JOSE,GERMAN,"1965-05-21 00:00:00",M,57,68,CTN-65
CC,11129982044758758758,RAMIREZ,RINCON,ALVARO,ANTONIO,"1994-06-14 00:00:00",M,28,64.8,BOG-61
CC,10693029934759759759,MORENO,ROMERO,SANDRA,LILIANA,"1988-02-14 00:00:00",F,35,59,CTN-66
CC,111299994432760760760,SILVA,BARONA,DAVID,STEVEN,"1991-09-20 00:00:00",M,31,66,BOG-62
CC,9419199998761761761,CASTILLO,CALDERON,NONE,WILSON,"1968-09-15 00:00:00",M,54,83,CTN-67
CC,4516649762762762,VALENCIA,ESCOBAR,JOSE,FERNANDO,"1984-05-27 00:00:00",M,38,83,BOG-63
CC,1010010824763763763,ECHENIQUE,RINCON,JHONIER,HUMBERTO,"1987-03-16 00:00:00",M,36,66,CTN-68
CC,94262514764764764,COLORADO,MARIN,ANGEL,OSWALDO,"1969-07-13 00:00:00",M,53,55,BOG-64
CC,1114088214765765765,MUOZ,CORREA,DEICY,JOHANNA,"2004-04-11 00:00:00",F,18,60.7,CTN-69
CC,10052529900766766766,MENDOZA,AGUIRRE,ANGIE,PAOLA,"1996-09-20 00:00:00",F,26,82,BOG-65
CC,6284394767767767,GOMEZ,GIRALDO,NONE,ERBIN,"1977-04-18 00:00:00",M,45,53,CTN-70
CC,111299889995768768768,LATORRE,ORTIZ,HAMILTON,ALEJANDRO,"1996-09-07 00:00:00",M,26,96,BOG-66
CC,11129981198769769769,LOPEZ,VALENCIA,LEIDY,LORENA,"1993-11-30 00:00:00",F,29,65.9,CTN-71
CC,31416939770770770,DIAZ,CORREA,NONE,BEATRIZ,"1970-08-21 00:00:00",F,52,67,BOG-67
CC,111299994452771771771,RENGIFO,ARISTIZABAL,NONE,NATALIA,"1991-10-28 00:00:00",F,31,63,CTN-72
CC,162306996772772772,GARCIA,VALDES,NONE,MAURICIO,"1975-09-06 00:00:00",M,47,88.1,BOG-68
CC,31418418773773773,GAVIRIA,HEREDIA,RUBIELA,JESUS,"1972-07-04 00:00:00",F,50,78,CTN-73
CC,31419461774774774,ALDANA,TAMAYO,NONE,LILIANA,"1973-05-26 00:00:00",F,49,72.8,BOG-69
CC,11129993832775775775,VARELA,VANEGAS,ALEXANDRA,PATRICIA,"1999-07-21 00:00:00",F,23,54,CTN-74
CC,100999200776776776,MEJIA,LOPEZ,FREDY,NELSON,"1950-12-02 00:00:00",M,72,75,BOG-70
CC,1006291619777777777,RIVERA,GARCIA,NONE,VALENTINA,"2000-04-12 00:00:00",F,22,52,CTN-75
CC,31405285778778778,CHUJFI,POTTES,MARIA,JACIVY,"1962-11-15 00:00:00",F,60,64.6,BOG-71
CC,16843568779779779,TRIANA,VARGAS,EUCLIDES,RAMIRO,"1982-02-10 00:00:00",M,41,74,CTN-76
CC,11129991066780780780,CASTIBLANCO,CARDONA,JENNIFER,TATIANA,"1998-02-14 00:00:00",F,25,67,BOG-72
CC,294529986781781781,ZAPATA,URAN,MARIA,MARLENY,"1965-04-14 00:00:00",F,57,63,CTN-77
CC,11129986645782782782,ARANZAZO,CASTRO,KATHERIN,ANDREA,"1996-02-09 00:00:00",F,27,101,BOG-73
CC,1114148811783783783,SUAREZ,FIGUEROA,DANNA,CAMILA,"2004-07-08 00:00:00",F,18,101,CTN-78
CC,11129993195784784784,CASTAO,RAMIREZ,CLAUDIA,MILENA,"1999-03-09 00:00:00",F,24,41,BOG-74
CC,16230434785785785,VANEGAS,SERNA,JHONIER,FERNANDO,"1975-12-13 00:00:00",M,47,72,CTN-79
CC,11129981645786786786,QUICENO,SUAREZ,PAOLA,ANDREA,"1994-04-17 00:00:00",F,28,86,BOG-75
CC,14565629787787787,PUERTA,REINOSA,NONE,RICARDO,"1980-10-10 00:00:00",M,42,68,CTN-80
CC,4099991614788788788,CANO,FAJARDO,MARIA,JUDITH,"1964-11-19 00:00:00",F,58,82.7,BOG-76
CC,11129964264789789789,MONTEALEGRE,GALEANO,CARLOS,ANDRES,"1988-04-15 00:00:00",M,34,102,CTN-81
CC,11129968693790790790,MONCADA,AMESTICA,CLAUDIA,MARCELA,"1989-04-01 00:00:00",F,33,76,BOG-77
CC,1005828695791791791,VARGAS,SANCHEZ,ANDRES,FELIPE,"1997-10-27 00:00:00",M,25,135,CTN-82
CC,3139999992792792792,RAMIREZ,GALLON,ANA,MYRIAM,"1954-07-19 00:00:00",F,68,55.5,BOG-78
CC,314325999793793793,GOMEZ,PIEDRAHITA,ANGELICA,MARIA,"1982-12-30 00:00:00",F,40,57.8,CTN-83
PT,12929499794794794,ROJAS,RONDON,BRENYER,JESUS,"1998-04-14 00:00:00",M,24,53.1,BOG-79
CC,314158399795795795,RAMIREZ,MORALES,LUZ,ADRIANA,"1968-12-24 00:00:00",F,54,80,CTN-84
CC,4299990821796796796,FLOREZ,MARIN,ALBA,LUCIA,"1965-12-29 00:00:00",F,57,64,BOG-80
CC,1006050840797797797,CARMONA,GARCIA,JULIO,ERNESTO,"2001-05-14 00:00:00",M,21,63,CTN-85
CC,10099554026798798798,AGUIRRE,CALVO,NONE,VERONICA,"2001-01-01 00:00:00",F,22,55.4,BOG-81
CC,11141490991799799799,CORREA,FLOREZ,NONE,SARITA,"2004-09-10 00:00:00",F,18,54.2,CTN-86
CC,10062465699800800800,MARIN,QUINTERO,JORGE,ELIECER,"1997-06-02 00:00:00",M,25,71,BOG-82
CC,16224446801801801,TOBON,YEPEZ,HERNEY,JESUS,"1970-07-20 00:00:00",M,52,58,CTN-87
CC,10899918641802802802,ARREDONDO,JARAMILLO,JOHANNA,ALEXANDRA,"1987-12-08 00:00:00",F,35,46,BOG-83
CC,11129988094803803803,ROMAN,BOLIVAR,NONE,JIMENA,"1996-08-22 00:00:00",F,26,63,CTN-88
CC,11129994844804804804,BARAJAS,JAIMES,NONE,MARLON,"1987-09-28 00:00:00",M,35,70,BOG-84
CC,31404022805805805,OSPINA,PIEROS,LUZ,ESTELLA,"1961-12-27 00:00:00",F,61,56.7,CTN-89
CC,145699195806806806,BAUTISTA,GALVIZ,DIEGO,JULIAN,"1982-04-29 00:00:00",M,40,89,BOG-85
CC,1055609999807807807,MANYOMA,GARCIA,NONE,CIPRIANO,"1964-05-14 00:00:00",M,58,66,CTN-90
CC,16215846808808808,VARGAS,PEREZ,NONE,JULIO,"1963-01-28 00:00:00",M,60,80,BOG-86
CC,293838899809809809,GRAJALES,"DE GARCES",NONE,IDALIA,"1948-09-10 00:00:00",F,74,48.6,CTN-91
CC,1090050032810810810,VARGAS,ARENAS,CARLOS,MARIO,"2004-08-13 00:00:00",M,18,77,BOG-87
CC,6133553811811811,OTALVARO,RAMIREZ,JOSE,EVERARDO,"1963-10-01 00:00:00",M,59,80,CTN-92
CC,314324990812812812,HERRERA,BERNAL,SANDRA,MILENA,"1982-07-24 00:00:00",F,40,88.3,BOG-88
CC,162149946813813813,VELEZ,OCAMPO,NONE,OMAR,"1961-04-27 00:00:00",M,61,69,CTN-93
CC,1114148954814814814,TORDECILLA,DIAZ,JORGE,MARIO,"2004-08-15 00:00:00",M,18,56,BOG-89
CC,31406943815815815,LOAIZA,VALENCIA,LUZ,DARY,"1963-10-13 00:00:00",F,59,70,CTN-94
CC,149988994816816816,NIETO,RINCON,NONE,JAIRO,"1953-10-11 00:00:00",M,69,66,BOG-90
CC,1114088618817817817,GALLEGO,RIVERA,NINY,JOHANA,"1986-04-19 00:00:00",F,36,63.9,CTN-95
CC,1114095630818818818,POSADA,PEA,ANYI,DANIELA,"1999-03-02 00:00:00",F,24,91,BOG-91
CC,1006291354819819819,HOLGUIN,BERNAL,NONE,EMILY,"2000-11-14 00:00:00",F,22,53,CTN-96
CC,318422992820820820,VALDERRAMA,MILLAN,NONE,MARIELA,"1956-09-18 00:00:00",F,66,57,BOG-92
CC,314013992821821821,BOLIVAR,VELEZ,LUZ,ANGELA,"1960-08-12 00:00:00",F,62,74,CTN-97
CC,111299998124822822822,GIRALDO,GIRALDO,MARIA,YESENIA,"1992-12-11 00:00:00",F,30,72,BOG-93
CC,162189969823823823,CARVAJAL,PEARANDA,NONE,RODOLFO,"1965-03-24 00:00:00",M,58,68,CTN-98
CC,31429056824824824,MOSQUERA,HURTADO,LUZ,ADELIS,"1974-04-05 00:00:00",F,48,63,BOG-94
CC,1088349966825825825,RAMIREZ,VILLADA,NONE,SOFIA,"1998-07-17 00:00:00",F,24,59,CTN-99
CC,162299853826826826,PADILLA,MORENO,NONE,WEIMAR,"1973-06-13 00:00:00",M,49,68,BOG-95
CC,313962999827827827,VILLARREAL,YEPES,NONE,NELLY,"1957-12-25 00:00:00",F,65,55,CTN-100
PT,5603203828828828,RAMIREZ,YANEZ,YOHANA,DANIELA,"1991-07-26 00:00:00",F,31,68.3,BOG-96
CC,11129963023829829829,MARTINEZ,BLANDON,LINA,MARIELLY,"1987-07-12 00:00:00",F,35,69,CTN-101
CC,100899099830830830,NARANJO,RINCON,LUIS,ALBERTO,"1956-02-10 00:00:00",M,67,66,BOG-97
CC,111299999308831831831,HERNANDEZ,URREA,DAVINSON,ANDRES,"1993-06-13 00:00:00",M,29,81,CTN-102
CC,291536994832832832,RINCON,VALENCIA,NONE,ELISBER,"1945-06-25 00:00:00",F,77,54,BOG-98
CC,29393642833833833,VALENCIA,VALLE,NONE,MARITZA,"1951-12-13 00:00:00",F,71,78,CAL-02
CC,11129980610834834834,LUGO,AMARILES,MANUEL,ALEJANDRO,"1993-10-20 00:00:00",M,29,67,MED-03
CC,31399819835835835,HERNANDEZ,RIOS,BLANCA,MARGARITA,"1957-02-05 00:00:00",F,66,41,MZL-04
CC,11129990262836836836,RAMIREZ,GARCIA,MARIA,SIRLEY,"1997-09-22 00:00:00",F,25,87,CAL-03
CC,10160994453837837837,MESA,HENAO,DAYANA,ANDREA,"1995-01-16 00:00:00",F,28,66,MED-04
CC,31430150838838838,ARBOLEDA,GIRALDO,ADRIANA,MARIA,"1981-06-11 00:00:00",F,41,71.1,MZL-05
CC,1193129593839839839,GONZALEZ,PULGARIN,JORGE,ALEJANDRO,"2002-12-10 00:00:00",M,20,67,CAL-04
CC,10024803840840840,GOMEZ,ARBOLEDA,PAULO,ANDRES,"1975-04-29 00:00:00",M,47,75.5,MED-05
CC,1088825005841841841,MUOZ,CARDONA,LUIS,FERNANDO,"2004-07-08 00:00:00",M,18,54,MZL-06
CC,10142396842842842,GUZMAN,GRAJALES,JOSE,YOVANY,"1972-01-07 00:00:00",M,51,104,CAL-05
CC,6208502843843843,VELASQUEZ,CORTES,NONE,ELMER,"1950-04-27 00:00:00",M,72,63.6,MED-06
CC,11129965128844844844,OSPINA,MARLES,MONICA,JIMENA,"1988-04-25 00:00:00",F,34,63,MZL-07
CC,314241999845845845,ESCARPETA,MARULANDA,NONE,BELLANIR,"1977-01-06 00:00:00",F,46,57,CAL-06
CC,11323831846846846,DIAZ,DIAZ,NONE,WILLIAN,"1975-08-23 00:00:00",M,47,59,MED-07
CC,100993994809847847847,MORA,AMAYA,NONE,DANIELA,"2000-05-09 00:00:00",F,22,72,MZL-08
CC,299444343848848848,RODRIGUEZ,ENRIQUEZ,PAOLA,EMILSE,"1981-05-30 00:00:00",F,41,59.4,CAL-07
CC,11129984948849849849,VELEZ,ZARRAZOLA,KATHERINE,VANESSA,"1995-06-06 00:00:00",F,27,60.4,MED-08
CC,29463845850850850,ALARCON,AMARILES,NONE,IRMA,"1967-03-16 00:00:00",F,56,64,MZL-09
CC,145699383851851851,AGUDELO,NONE,NONE,DUBERNEY,"1982-01-09 00:00:00",M,41,58.9,CAL-08
CC,31429846852852852,ARIAS,SERNA,DALIA,MARIA,"1980-04-26 00:00:00",F,42,65.2,MED-09
CC,10996386990853853853,MOSQUERA,PEREA,JHON,FREDI,"1997-07-23 00:00:00",M,25,72,MZL-10
CC,303599898854854854,GALLEGO,BETANCUR,MARTHA,LILIANA,"1978-06-08 00:00:00",F,44,57,CAL-09
CC,668993382855855855,YEPES,VARGAS,DORA,JANET,"1980-09-13 00:00:00",F,42,94.8,MED-10
CC,31425002856856856,VINASCO,CUARTAS,LUZ,ADRIANA,"1977-05-06 00:00:00",F,45,71,MZL-11
CC,25245230857857857,"DEL RIO",NARANJO,LUZ,MARINA,"1962-05-24 00:00:00",F,60,70,CAL-10
CC,1112905268858858858,HENAO,TORO,CLAUDIA,LORENA,"1990-05-04 00:00:00",F,32,62.3,MED-11
CC,10046818299859859859,JIMENEZ,ROMAN,ANDRES,FELIPE,"2001-08-29 00:00:00",M,21,98,MZL-12
CC,162099463860860860,VASQUEZ,MARIN,LUIS,HUMBERTO,"1957-11-02 00:00:00",M,65,84,CAL-11
CC,11129988934861861861,GIRALDO,RODAS,NONE,VALERIA,"1997-01-03 00:00:00",F,26,69,MED-12
CC,14569352862862862,CANO,QUICENO,HEBER,FELIX,"1983-11-06 00:00:00",M,39,83,MZL-13
CC,11129968912863863863,MEJIA,ANGEL,NONE,JULIANA,"1989-12-27 00:00:00",F,33,60,CAL-12
CC,314049912864864864,LLANOS,VALENCIA,NONE,ELIZABETH,"1962-10-04 00:00:00",F,60,61,MED-13
CC,1006319683865865865,JARAMILLO,SEPULVEDA,JHONATAN,EDUARDO,"2001-01-29 00:00:00",M,22,99.5,MZL-14
CC,31434999866866866,JIMENEZ,GALVIS,LEIDY,LORENA,"1984-05-26 00:00:00",F,38,65,CAL-13
CC,111299999354867867867,ZULETA,GOMEZ,MARIA,MERCEDES,"1993-07-06 00:00:00",F,29,53,MED-14
CC,11129980265868868868,ALVAREZ,ARISTIZABAL,LISETH,DAYANA,"1993-10-29 00:00:00",F,29,87.5,MZL-15
CC,29394690869869869,RAMIREZ,PELAEZ,ALBA,RUTH,"1969-09-08 00:00:00",F,53,60,CAL-14
CC,249532699870870870,CARDONA,MARULANDA,NONE,MELVA,"1951-04-23 00:00:00",F,71,53,MED-15
CC,25202543871871871,MONTOYA,VILLA,MARIA,DARY,"1972-09-27 00:00:00",F,50,81.5,MZL-16
CC,29940856872872872,VALDERRAMA,RAMIREZ,NONE,JACQUELINE,"1974-08-01 00:00:00",F,48,68,CAL-15
CC,66866890873873873,DIAZ,AGUDELO,CLAUDIA,PATRICIA,"1983-08-21 00:00:00",F,39,89,MED-16
CC,31412894874874874,DIAZ,CORTES,GLORIA,PATRICIA,"1968-01-17 00:00:00",F,55,68,MZL-17
CC,303249993875875875,GUTIERREZ,ORTIZ,BEATRIZ,LORENA,"1972-10-31 00:00:00",F,50,62,CAL-16
CC,31410213876876876,POLANIA,GAAN,MARIA,EUCARIS,"1966-07-03 00:00:00",F,56,56,MED-17
CC,314319995877877877,GAVIRIA,SALDARRIAGA,NONE,ARELIS,"1981-01-05 00:00:00",F,42,46,MZL-18
CC,111299991280878878878,URREA,ALZATE,CRISTIAN,CAMILO,"1990-08-12 00:00:00",M,32,65,CAL-17
CC,11433995264879879879,MESA,BETIN,MARIA,CLAUDIA,"1994-07-15 00:00:00",F,28,82.5,MED-18
CC,314253899880880880,AGUDELO,NONE,LUZ,ESTELLA,"1977-12-11 00:00:00",F,45,68.7,MZL-19
CC,1456991899881881881,RODRIGUEZ,RAMIREZ,NONE,ALEJANDRO,"1982-04-15 00:00:00",M,40,90,CAL-18
CC,94262531882882882,ESTRADA,RIOS,JOHN,FREDIS,"1971-03-21 00:00:00",M,52,70,MED-19
CC,199630495883883883,CALDERON,AROCA,NONE,IVAN,"1959-07-22 00:00:00",M,63,96,MZL-20
CC,111299998293884884884,ONEL,BECERRA,NONE,YENIFER,"1993-02-18 00:00:00",F,30,59.8,CAL-19
CC,111299899491885885885,GIL,GONZALEZ,NONE,DANIELA,"1996-06-17 00:00:00",F,26,65.6,MED-20
CC,1010113495886886886,ORTEGA,MORENO,ILIANA,GISELA,"2000-09-10 00:00:00",F,22,52,MZL-21
CC,100099299533887887887,NARANJO,CAAS,YULI,VANESSA,"2000-10-27 00:00:00",F,22,84,CAL-20
CC,24992820888888888,YEPES,GONZALEZ,MIGUEL,ANGEL,"1972-05-25 00:00:00",M,50,77,MED-21
CC,291598991889889889,HERNANDEZ,OSPINA,NONE,MARYURI,"1984-03-29 00:00:00",F,39,74,MZL-22
CC,24994382890890890,ECHAVARRIA,ZAPATA,LUBIAN,ALBERTO,"1980-04-11 00:00:00",M,42,85,CAL-21
CC,100993995048891891891,HENAO,AGUIRRE,JUAN,CAMILO,"1997-01-03 00:00:00",M,26,78.6,MED-22
CC,109952149981892892892,ZAMORA,QUESADA,OSCAR,ANDRES,"1986-06-18 00:00:00",M,36,83,MZL-23
CC,31426808893893893,VALENCIA,MARIN,LUZ,ARLEDY,"1979-01-06 00:00:00",F,44,67.8,CAL-22
CC,38902910894894894,GUTIERREZ,GRANDA,LESLIE,JOANNA,"1982-12-10 00:00:00",F,40,68.3,MED-23
CC,11129993328895895895,ARIAS,SALAZAR,WENDY,DAHIANA,"1999-04-10 00:00:00",F,23,85,MZL-24
CC,11299226936896896896,GODOY,GUTIERREZ,NONE,ANTHONY,"2004-01-06 00:00:00",M,19,89.4,CAL-23
PT,5296815897897897,GUAICURBA,CAICAGUARE,YANITZE,JOSEFINA,"1981-04-17 00:00:00",F,41,71,MED-24
CC,25194826898898898,MESA,BEDOYA,LUZ,MARINA,"1973-07-10 00:00:00",F,49,50,MZL-25
CC,162221899899899899,LOPEZ,DIAZ,JORGE,HERNAN,"1967-12-18 00:00:00",M,55,94,CAL-24
CC,14569904900900900,ARENAS,RAMIREZ,JOSE,ALEJANDRO,"1984-04-11 00:00:00",M,38,63,MED-25
CC,111299991335901901901,VANEGAS,MORENO,JESSICA,ANDREA,"1990-10-06 00:00:00",F,32,57,MZL-26
CC,111299899240902902902,SOLER,TAPASCO,DAREN,JENNYFER,"1996-03-11 00:00:00",F,27,69,CAL-25
CC,39528282903903903,ARIAS,GALLEGO,LUZ,MARINA,"1959-09-11 00:00:00",F,63,66,MED-26
CC,16219300904904904,TOBON,CORREA,CARLOS,TULIO,"1966-03-03 00:00:00",M,57,65.8,MZL-27
CC,111299994264905905905,USQUIANO,SANCHEZ,NONE,VERONICA,"1991-05-09 00:00:00",F,31,60,CAL-26
CC,162199186906906906,VANEGAS,SANCHEZ,ALFONSO,JAVIER,"1962-05-15 00:00:00",M,60,79,MED-27
CC,31408948907907907,OSORIO,RINCON,ALBA,INES,"1964-03-08 00:00:00",F,59,67,MZL-28
CC,1036220859908908908,ISAZA,GOMEZ,SANDRA,PATRICIA,"1987-05-31 00:00:00",F,35,69.8,CAL-27
CC,24306514909909909,CARDONA,NIETO,NONE,OMAIRA,"1949-02-02 00:00:00",F,74,84.5,MED-28
CC,314331899910910910,BARCO,DURAN,DIANA,FERNANDA,"1982-11-07 00:00:00",F,40,73,MZL-29
CC,31431894911911911,TABORDA,GUTIERREZ,NONE,SONIA,"1981-01-17 00:00:00",F,42,78,CAL-28
CC,31435148912912912,PEREZ,NARANJO,LIZ,ADRIANA,"1984-08-10 00:00:00",F,38,72.6,MED-29
CC,111299999461913913913,LAMPREA,MARTINEZ,JUAN,PABLO,"1993-07-12 00:00:00",M,29,84,MZL-30
CC,41918145914914914,BOCANEGRA,RAMIREZ,LUZ,STELLA,"1969-08-08 00:00:00",F,53,58,CAL-29
CC,111299939899915915915,VELASQUEZ,CASTRILLON,JUAN,SEBASTIAN,"1999-08-24 00:00:00",M,23,65,MED-30
CC,314196994916916916,OSPINA,ORTEGA,NONE,MADELLEYNE,"1973-03-16 00:00:00",F,50,46,MZL-31
CC,14568881917917917,MARIN,GUTIERREZ,JOSE,ALDEMAR,"1982-10-14 00:00:00",M,40,71,CAL-30
CC,14569466918918918,GARCES,LOPEZ,YOVANNY,ANDRES,"1983-12-21 00:00:00",M,39,89,MED-31
CC,111299995303919919919,CASTRO,SUAZA,LUISA,FERNANDA,"1992-02-08 00:00:00",F,31,65,MZL-32
CC,10995285936920920920,OCHOA,GUTIERREZ,MILTON,ANDRES,"1985-09-01 00:00:00",M,37,72,CAL-31
CC,31398058921921921,GONZALEZ,CORREA,MARIA,NIBIA,"1952-04-11 00:00:00",F,70,61,MED-32
CC,29382250922922922,AGUDELO,BERNAL,NONE,LILIAM,"1949-12-10 00:00:00",F,73,49,MZL-33
CC,10099360363923923923,MARIN,OROZCO,LUZ,VERY,"1988-12-17 00:00:00",F,34,49,CAL-32
CC,434998201924924924,LOPEZ,MOSCOSO,MARIA,ORALIA,"1965-04-13 00:00:00",F,57,58,MED-33
CC,18608263925925925,ARIAS,CANO,ROLANDO,JESUS,"1978-02-23 00:00:00",M,45,75,MZL-34
CC,24996999938926926926,GIRALDO,HENAO,DIANEY,PATRICIA,"1985-06-25 00:00:00",F,37,83,CAL-33
CC,1006246115927927927,MUNOZ,PEREZ,MARIA,CAMILA,"2002-10-02 00:00:00",F,20,51,MED-34
CC,11129986503928928928,DUQUE,FUENMAYOR,JUAN,DAVID,"1996-01-15 00:00:00",M,27,73,MZL-35
CC,1114149466929929929,VERA,HIGUITA,NONE,KAROLINE,"2004-12-20 00:00:00",F,18,57,CAL-34
CC,11129981459930930930,VILLA,GIL,LAURA,VANESSA,"1994-03-23 00:00:00",F,29,67.4,MED-35
CC,162006996931931931,ARENAS,AGUIRRE,HUGO,ANGEL,"1948-09-09 00:00:00",M,74,86,MZL-36
PT,99425544932932932,ALFARO,BALCENAS,DIORMAN,JESUS,"1999-10-28 00:00:00",M,23,66,CAL-35
CC,31398200933933933,VARGAS,BENITEZ,NONE,LILIANA,"1958-08-11 00:00:00",F,64,67,MED-36
CC,314199199934934934,GALVIS,QUINTERO,CARMEN,EMILIA,"1971-08-29 00:00:00",F,51,62,MZL-37
CC,1144084512935935935,GUERRERO,QUINTERO,ADELINA,MARITZA,"1995-11-24 00:00:00",F,27,63,CAL-36
CC,16215829936936936,SANCHEZ,GUTIERREZ,JOSE,EDUARDO,"1962-06-10 00:00:00",M,60,72,MED-37
CC,16205906937937937,CARDONA,SOTO,DARIO,ANTONIO,"1954-06-08 00:00:00",M,68,100.7,MZL-38
CC,105999958635938938938,VELASQUEZ,GARCIA,JHONATAN,ARTURO,"1994-05-04 00:00:00",M,28,99,CAL-37
CC,11129990582939939939,CARDONA,RAMIREZ,JUAN,ESTEBAN,"1997-11-16 00:00:00",M,25,67,MED-38
CC,31436668940940940,ZULETA,NONE,PAOLA,ANDREA,"1985-03-18 00:00:00",F,38,68.4,MZL-39
CC,1092851002941941941,MARTINEZ,GUTIERREZ,NONE,STEBAN,"2004-11-29 00:00:00",M,18,72,CAL-38
CC,31423014942942942,ORREGO,MONTOYA,MARIA,OLIVA,"1974-07-14 00:00:00",F,48,61.8,MED-39
CC,659933199943943943,TORRES,GONZALEZ,KARLA,LILIANA,"1965-06-26 00:00:00",F,57,84,MZL-40
CC,942995904944944944,MEJIA,SERNA,OSCAR,HERNANDO,"1981-04-27 00:00:00",M,41,74,CAL-39
CC,31432198945945945,TORRES,DURAN,MARY,LUZ,"1982-03-30 00:00:00",F,41,93,MED-40
CC,111299998348946946946,GARCIA,VILLEGAS,NONE,ANDREA,"1993-02-27 00:00:00",F,30,61.7,MZL-41
CC,314059954947947947,"DEL RIO",AGUIRRE,MARIA,IDALY,"1961-07-16 00:00:00",F,61,79,CAL-40
PT,6364943948948948,PAYARES,PEREZ,OSWAR,ALEXANDER,"1998-05-22 00:00:00",M,24,83,MED-41
CC,292199229949949949,GALLEGO,PARRA,NONE,DORA,"1937-04-08 00:00:00",F,85,52.8,MZL-42
CC,430995995950950950,OSORIO,QUINTERO,MERY,MAGDALENA,"1962-12-03 00:00:00",F,60,56,CAL-41
CC,185901995951951951,LOPEZ,TORO,NONE,FERNANDO,"1962-02-19 00:00:00",M,61,72,MED-42
CC,3140994199952952952,VILLADA,"DE ARANGO",MARIA,OLIVA,"1953-02-01 00:00:00",F,70,52.6,MZL-43
CC,162261599953953953,PALACIO,VELASQUEZ,JOHN,FREDY,"1972-02-27 00:00:00",M,51,88.2,CAL-42
CC,294633992954954954,CARMONA,CRUZ,MARIA,LUCERO,"1960-09-23 00:00:00",F,62,60,MED-43
CC,1113859220955955955,BAZAN,RUIZ,KERLLY,DANIELA,"2004-11-24 00:00:00",F,18,61.9,MZL-44
CC,111299909984956956956,ORTIZ,ARTEAGA,MARIA,CAMILA,"1997-12-29 00:00:00",F,25,62,CAL-43
CC,11129989355957957957,ANGEL,BEJARANO,ANA,MERCEDES,"1997-02-28 00:00:00",F,26,70,MED-44
CC,399831126958958958,ACEVEDO,RINCON,LUCIA,MERCEDES,"1955-06-23 00:00:00",F,67,67,MZL-45
CC,31426095959959959,HERRERA,NONE,MARTHA,CECILIA,"1977-01-13 00:00:00",F,46,66,CAL-44
CC,11932609933960960960,RODAS,GONZALEZ,EVELIN,DAHIANA,"2002-01-28 00:00:00",F,21,50,MED-45
CC,1014242936961961961,RESTREPO,GALVIS,BAYRON,ANDRES,"1993-04-13 00:00:00",M,29,60.5,MZL-46
CC,11141495992962962962,GOMEZ,RODRIGUEZ,JUAN,DAVID,"2005-01-17 00:00:00",M,18,71,CAL-45
CC,1113859021963963963,PELAEZ,MENESES,NONE,ISABELLA,"2004-10-15 00:00:00",F,18,58,MED-46
CC,29448512964964964,SERNA,RESTREPO,SANDRA,MONICA,"1973-04-18 00:00:00",F,49,62.3,MZL-47
CC,11129964645965965965,MUOZ,ACEVEDO,LEIDY,JOHANNA,"1988-07-07 00:00:00",F,34,50,CAL-46
CC,3141909999966966966,RAMIREZ,GIRALDO,BLANCA,LIBIA,"1971-07-31 00:00:00",F,51,64,MED-47
CC,31426485967967967,ANGEL,CALVO,NONE,CAROLINA,"1978-08-23 00:00:00",F,44,74,MZL-48
CC,31422301968968968,ORTIZ,OSORIO,LUZ,ADRIANA,"1975-10-05 00:00:00",F,47,85,CAL-47
CC,68990000969969969,LUJAN,VICTORIA,LUIS,LEONARDO,"1953-10-03 00:00:00",M,69,92.7,MED-48
CC,1089599548970970970,MARIN,CORREA,LAURA,JIMENA,"2004-12-09 00:00:00",F,18,85.8,MZL-49
CC,31434114971971971,GARCIA,MUOZ,PAOLA,ANDREA,"1983-02-28 00:00:00",F,40,76,CAL-48
CC,1112999989984972972972,YANES,JURADO,NONE,DANIELA,"1993-04-19 00:00:00",F,29,81,MED-49
CC,111299999313973973973,MEJIA,CORREA,MARIA,EUGENIA,"1993-06-27 00:00:00",F,29,58,MZL-50
CC,162219956974974974,GARCIA,RAMIREZ,LUIS,ALBERTO,"1968-03-29 00:00:00",M,55,58.1,CAL-49
CC,29160096975975975,GUZMAN,NONE,LEIDY,JOHANA,"1985-01-31 00:00:00",F,38,80,MED-50
CC,31430094976976976,CORDOBA,SALAZAR,CLAUDIA,JOHANNA,"1981-05-26 00:00:00",F,41,55,MZL-51
CC,111299995354977977977,LASPRILLA,LUJAN,YERALDIN,STEFANIA,"1991-12-08 00:00:00",F,31,90,CAL-50
CC,293819986978978978,ROBLE,NONE,OLGA,MARIA,"1941-05-03 00:00:00",F,81,65,MED-51
CC,31436330979979979,BRAVO,CRUZ,ANA,MILENA,"1985-06-11 00:00:00",F,37,65,MZL-52
CC,24543634980980980,VALENCIA,"DE MAFLA",MARIA,GILMA,"1944-04-12 00:00:00",F,78,66,CAL-51
CC,48615621981981981,CRUZ,VIAFARA,NONE,ELENA,"1964-08-11 00:00:00",F,58,46.1,MED-52
CC,29449448982982982,ZAPATA,GALLEGO,LEIDY,LORENA,"1985-08-30 00:00:00",F,37,76,MZL-53
CC,1041351366983983983,PALACIO,MUOZ,KATHERIN,DAHIANA,"2004-06-11 00:00:00",F,18,88.1,CAL-52
CC,111299669906984984984,PARRA,TORO,DIEGO,FERNANDO,"1989-02-19 00:00:00",M,34,73,MED-53
CC,111299855991985985985,MONROY,ECHEVERRY,LUISA,FERNANDA,"1995-09-09 00:00:00",F,27,77,MZL-54
CC,11129988339986986986,SOTO,DAVILA,YAZMIN,ANDREA,"1996-10-12 00:00:00",F,26,80,CAL-53
CC,163499880987987987,CANO,VALENCIA,MANUEL,ANGEL,"1953-11-22 00:00:00",M,69,69,MED-54
CC,9905022998988988988,MUOZ,GALLEGO,JOSE,OSCAR,"1956-06-22 00:00:00",M,66,86,MZL-55
